Caseno/ Bail Ref no,BailStatus,HORef,StatusOfBail,DecisionDate,Final Bail Outcome,Destruction Date(if any),Last Comment,,,,,,,,,"SELECT t.caseno, t.amount, ac.Bailtype,Year(ac.DateReceived) as BailYear, max(s.CaseStatus) as BailStatus,max(s.CaseStatus)MAXID, max(h.comment) as Comment"
GL/00217,,,,,,May-22,,,,,,,,,,  FROM [ARIAREPORTS].[dbo].[Transaction] t
GL/00081,,,,,,May-22,,,,,,,,,,  inner join dbo.AppealCase ac
GW/00255,,,,,,May-22,,,,,,,,,,  on t.caseno = ac.caseno
GW/00419,,,,,,May-22,,,,,,,,,,"  INNER JOIN (SELECT MAX(HistoryId)HistID, CaseNo, Comment"
GL/00240,,,,,,May-22,,,,,,,,,,"  FROM dbo.History GROUP BY CaseNo, Comment ) h"
GW/00241,,,,,,Jun-22,,,,,,,,,,  ON t.caseno = h.caseno
GW/00464,,,,,,Jun-22,,,,,,,,,,  inner join dbo.History hh
GP/00416,,,,,,Jun-22,,,,,,,,,,  on h.caseno = hh.caseno and h.HistID = hh.HistoryId
GW/00531,,,,,,Jul-22,,,,,,,,,,"  inner join ( select max(StatusId)MAXST, CaseNo, CaseStatus from dbo.Status group by "
GW/00513,,,,,,Jul-22,,,,,,,,,,"  CaseNo, CaseStatus ) s"
GW/00145,,,,,,Jul-22,,,,,,,,,,  on t.CaseNo = s.caseno
GW/00288,,,,,,Jul-22,,,,,,,,,,  inner join dbo.Status ss
GW/00211,,,,,,Jul-22,,,,,,,,,,  on s.caseno = ss.caseno and s.MAXST = ss.StatusId
GW/00207,,,,,,Jul-22,,,,,,,,,,  where ac.casetype ='2'  and ac.Bailtype = '2' and Year(ac.DateReceived) < '2015'
GW/00379,,,,,,Jul-22,,,,,,,,,, 
GW/00291,,,,,,Aug-22,,,,,,,,,,"  group by t.caseno, t.amount, ac.Bailtype, Year(ac.DateReceived)"
GL/00193,,,,,,Aug-22,,,,,,,,,,
GW/00215,,,,,,Aug-22,,,,,,,,,,
GW/00374,,,,,,Aug-22,,,,,,,,,,
GW/00330,,,,,,Aug-22,,,,,,,,,,
GL/00129,,,,,,Aug-22,,,,,,,,,,
HC/02492,,,,,,Aug-22,,,,,,,,,,
GW/00250,,,,,,Aug-22,,,,,,,,,,
GW00294,,,,,,Aug-22,,,,,,,,,,
GW/00333,,,,,,Aug-22,,,,,,,,,,
GW/00277,,,,,,Aug-22,,,,,,,,,,
GW/00401,,,,,,Aug-22,,,,,,,,,,
HC/02493,,,,,,Sep-22,,,,,,,,,,
GW/00331,,,,,,Sep-22,,,,,,,,,,
GW/00467,,,,,,Sep-22,,,,,,,,,,
GW/00176,,,,,,Sep-22,,,,,,,,,,
GW/00230,,,,,,Sep-22,,,,,,,,,,
GW/00299,,,,,,Sep-22,,,,,,,,,,
GW/00593,,,,,,Sep-22,,,,,,,,,,
GW/00495,,,,,,Sep-22,,,,,,,,,,
GW/00562,,,,,,Sep-22,,,,,,,,,,
GW/00279,,,,,,Sep-22,,,,,,,,,,
GW/07439,,,,,,Sep-22,,,,,,,,,,
GW/00424,,,,,,Oct-22,,,,,,,,,,
GW/00418,,,,,,Oct-22,,,,,,,,,,
GW/00599,,,,,,Oct-22,,,,,,,,,,
GW/00589,,,,,,Oct-22,,,,,,,,,,
GL/00091,,,,,,Oct-22,,,,,,,,,,
GW/00573,,,,,,Oct-22,,,,,,,,,,
GW/00574,,,,,,Oct-22,,,,,,,,,,
GW/00417,,,,,,Oct-22,,,,,,,,,,
GW/00364,,,,,,Oct-22,,,,,,,,,,
GW/00373,,,,,,Oct-22,,,,,,,,,,
GW/00365,,,,,,Oct-22,,,,,,,,,,
GLA/IU/61/97,,,,,,Oct-22,,,,,,,,,,
GL/00255,,,,,,Oct-22,,,,,,,,,,
GW/00598,,,,,,Oct-22,,,,,,,,,,
GW/00544,,,,,,Oct-22,,,,,,,,,,
GP/00413,,,,,,Oct-22,,,,,,,,,,
GW/00353,,,,,,Nov-22,,,,,,,,,,
GW/00504,,,,,,Nov-22,,,,,,,,,,
GW/00225,,,,,,Nov-22,,,,,,,,,,
GL/00192,,,,,,Nov-22,,,,,,,,,,
GW/07281,,,,,,Nov-22,,,,,,,,,,
GL/00198,,,,,,Dec-22,,,,,,,,,,
GW/00397,,,,,,Dec-22,,,,,,,,,,
GW/00483,,,,,,Dec-22,,,,,,,,,,
GW/00381,,,,,,Dec-22,,,,,,,,,,
GW/00355,,,,,,Dec-22,,,,,,,,,,
GW/00480,,,,,,Dec-22,,,,,,,,,,
GW/00612,,,,,,Jan-23,,,,,,,,,,
GW/00655,,,,,,Jan-23,,,,,,,,,,
GL/00037,,,,,,Jan-23,,,,,,,,,,
GW/00602,,,,,,Jan-23,,,,,,,,,,
GW/00501,,,,,,Jan-23,,,,,,,,,,
GW/00344,,,,,,Jan-23,,,,,,,,,,
GW/00597,,,,,,Jan-23,,,,,,,,,,
GW/00745,,,,,,Jan-23,,,,,,,,,,
GW/00224,,,,,,Jan-23,,,,,,,,,,
HC/02810,,,,,,Jan-23,,,,,,,,,,
GW/00434,,,,,,Feb-23,,,,,,,,,,
GL/00205,,,,,,Feb-23,,,,,,,,,,
GW/00164,,,,,,Feb-23,,,,,,,,,,
GW/00363,,,,,,Feb-23,,,,,,,,,,
GW/00317,,,,,,Feb-23,,,,,,,,,,
GW/00354,,,,,,Feb-23,,,,,,,,,,
GW/00695,,,,,,Feb-23,,,,,,,,,,
GW/00693,,,,,,Feb-23,,,,,,,,,,
GW/00404,,,,,,Feb-23,,,,,,,,,,
GW/00261,,,,,,Feb-23,,,,,,,,,,
GW/00351,,,,,,Feb-23,,,,,,,,,,
GL/00082,,,,,,Feb-23,,,,,,,,,,
GW/00741,,,,,,Feb-23,,,,,,,,,,
GW/00494,,,,,,Feb-23,,,,,,,,,,
GW/00750,,,,,,Mar-23,,,,,,,,,,
HC/03394,,,,,,Mar-23,,,,,,,,,,
GW/00780,,,,,,Mar-23,,,,,,,,,,
GW/00663,,,,,,Mar-23,,,,,,,,,,
GW/00756,,,,,,Mar-23,,,,,,,,,,
GW/00511,,,,,,Mar-23,,,,,,,,,,
GW/00547,,,,,,Mar-23,,,,,,,,,,
GW/00244,,,,,,Mar-23,,,,,,,,,,
GW/00231,,,,,,Mar-23,,,,,,,,,,
GL/0053/98,,,,,,Mar-23,,,,,,,,,,
GW/00227,,,,,,Mar-23,,,,,,,,,,
GL/00105,,,,,,Mar-23,,,,,,,,,,
GW/00170,,,,,,Mar-23,,,,,,,,,,
GW/00715,,,,,,Mar-23,,,,,,,,,,
GW/00295,,,,,,Mar-23,,,,,,,,,,
GL/00221,,,,,,Mar-23,,,,,,,,,,
GL/00262,,,,,,Mar-23,,,,,,,,,,
GW/00709,,,,,,Apr-23,,,,,,,,,,
GW/00233,,,,,,Apr-23,,,,,,,,,,
GW/00134,,,,,,Apr-23,,,,,,,,,,
BH/00548,,,,,,May-23,,,,,,,,,,
BLF/009/98,,,,,,May-23,,,,,,,,,,
GW/00572,,,,,,May-23,,,,,,,,,,
GW/00762,,,,,,May-23,,,,,,,,,,
GW/00813,,,,,,May-23,,,,,,,,,,
GW/00825,,,,,,May-23,,,,,,,,,,
GW/00458,,,,,,May-23,,,,,,,,,,
GW/00835,,,,,,May-23,,,,,,,,,,
GW/00806,,,,,,May-23,,,,,,,,,,
GW/00795,,,,,,May-23,,,,,,,,,,
GW/00698,,,,,,Jun-23,,,,,,,,,,
GW/00587,,,,,,Jun-23,,,,,,,,,,
GW/00218,,,,,,Jun-23,,,,,,,,,,
BE/00019,,,,,,Jun-23,,,,,,,,,,
GW/00784,,,,,,Jun-23,,,,,,,,,,
GW/00840,,,,,,Jun-23,,,,,,,,,,
GW/00423,,,,,,Jun-23,,,,,,,,,,
GW/00773,,,,,,Jun-23,,,,,,,,,,
GL/00076,,,,,,Jun-23,,,,,,,,,,
GL/00233,,,,,,Jun-23,,,,,,,,,,
GW/00774,,,,,,Jun-23,,,,,,,,,,
GW/00389,,,,,,Jun-23,,,,,,,,,,
GW/07396,,,,,,Jun-23,,,,,,,,,,
GW/00790,,,,,,Jul-23,,,,,,,,,,
GW/00320,,,,,,Jul-23,,,,,,,,,,
GW/00858,,,,,,Jul-23,,,,,,,,,,
GW/00257,,,,,,Jul-23,,,,,,,,,,
GW/00844,,,,,,Jul-23,,,,,,,,,,
GW/00503,,,,,,Jul-23,,,,,,,,,,
GW/00717,,,,,,Jul-23,,,,,,,,,,
GL/00236,,,,,,Jul-23,,,,,,,,,,
GW/00873,,,,,,Jul-23,,,,,,,,,,
GW/00862,,,,,,Jul-23,,,,,,,,,,
GP/00372,,,,,,Jul-23,,,,,,,,,,
GW/00523,,,,,,Aug-23,,,,,,,,,,
GW/00866,,,,,,Aug-23,,,,,,,,,,
GW/00882,,,,,,Aug-23,,,,,,,,,,
GW/00857,,,,,,Aug-23,,,,,,,,,,
GW/00349,,,,,,Aug-23,,,,,,,,,,
GW/00681,,,,,,Aug-23,,,,,,,,,,
GL/00083,,,,,,Aug-23,,,,,,,,,,
GW/00270,,,,,,Aug-23,,,,,,,,,,
GL/00204,,,,,,Aug-23,,,,,,,,,,
GL/00260,,,,,,Aug-23,,,,,,,,,,
GW/00739,,,,,,Aug-23,,,,,,,,,,
GW/00204,,,,,,Aug-23,,,,,,,,,,
GW/00902,,,,,,Sep-23,,,,,,,,,,
GW/00639,,,,,,Sep-23,,,,,,,,,,
GW/00748,,,,,,Sep-23,,,,,,,,,,
GW/00310,,,,,,Sep-23,,,,,,,,,,
GW/00278,,,,,,Sep-23,,,,,,,,,,
GW/00462,,,,,,Sep-23,,,,,,,,,,
GW/00897,,,,,,Sep-23,,,,,,,,,,
GW/00235,,,,,,Sep-23,,,,,,,,,,
GW/00236,,,,,,Sep-23,,,,,,,,,,
GW/00827,,,,,,Sep-23,,,,,,,,,,
GW/00769,,,,,,Sep-23,,,,,,,,,,
GW/00772,,,,,,Sep-23,,,,,,,,,,
GL/00211,,,,,,Sep-23,,,,,,,,,,
GW/00901,,,,,,Sep-23,,,,,,,,,,
GL/00148,,,,,,Sep-23,,,,,,,,,,
GW/00900,,,,,,Sep-23,,,,,,,,,,
GW/00336,,,,,,Sep-23,,,,,,,,,,
GW/00221,,,,,,Sep-23,,,,,,,,,,
GW/00702,,,,,,Sep-23,,,,,,,,,,
GW/00820,,,,,,Oct-23,,,,,,,,,,
GW/00638,,,,,,Oct-23,,,,,,,,,,
GW/00934,,,,,,Oct-23,,,,,,,,,,
GW/00826,,,,,,Oct-23,,,,,,,,,,
GW/00548,,,,,,Oct-23,,,,,,,,,,
GW/00657,,,,,,Oct-23,,,,,,,,,,
GW/00758,,,,,,Oct-23,,,,,,,,,,
GW/00867,,,,,,Oct-23,,,,,,,,,,
GL/00238,,,,,,Oct-23,,,,,,,,,,
GW/00823,,,,,,Oct-23,,,,,,,,,,
GW/00764,,,,,,Nov-23,,,,,,,,,,
GW/00905,,,,,,Nov-23,,,,,,,,,,
GW/00933,,,,,,Nov-23,,,,,,,,,,
GW/00318,,,,,,Nov-23,,,,,,,,,,
BE/00066,,,,,,Nov-23,,,,,,,,,,
GL/00291,,,,,,Nov-23,,,,,,,,,,
GW/00903,,,,,,Nov-23,,,,,,,,,,
GW/00312,,,,,,Nov-23,,,,,,,,,,
GW/00383,,,,,,Dec-23,,,,,,,,,,
GL/06498,,,,,,Dec-23,,,,,,,,,,
GW/00886,,,,,,Dec-23,,,,,,,,,,
GW/00936,,,,,,Dec-23,,,,,,,,,,
GL/00210,,,,,,Dec-23,,,,,,,,,,
GW/00841,,,,,,Dec-23,,,,,,,,,,
GW/00923,,,,,,Jan-24,,,,,,,,,,
GW/00794,,,,,,Jan-24,,,,,,,,,,
GW/00601,,,,,,Jan-24,,,,,,,,,,
GL/00215,,,,,,Jan-24,,,,,,,,,,
GW/00947,,,,,,Jan-24,,,,,,,,,,
GW/00939,,,,,,Jan-24,,,,,,,,,,
GW/07244,,,,,,Jan-24,,,,,,,,,,
GW/01013,,,,,,Feb-24,,,,,,,,,,
GW/00137,,,,,,Feb-24,,,,,,,,,,
GL/00288,,,,,,Feb-24,,,,,,,,,,
GW/00951,,,,,,Feb-24,,,,,,,,,,
GW/00876,,,,,,Feb-24,,,,,,,,,,
GW/00431,,,,,,Feb-24,,,,,,,,,,
GW/00863,,,,,,Feb-24,,,,,,,,,,
GW/00193,,,,,,Feb-24,,,,,,,,,,
GL/00216,,,,,,Feb-24,,,,,,,,,,
GW/00301,,,,,,Feb-24,,,,,,,,,,
GW/00980,,,,,,Feb-24,,,,,,,,,,
GW/00910,,,,,,Feb-24,,,,,,,,,,
GW/00377,,,,,,Feb-24,,,,,,,,,,
GW/00637,,,,,,Mar-24,,,,,,,,,,
GW/01044,,,,,,Mar-24,,,,,,,,,,
GW/00380,,,,,,Mar-24,,,,,,,,,,
GW/00385,,,,,,Mar-24,,,,,,,,,,
GW/00135,,,,,,Mar-24,,,,,,,,,,
GL/00087,,,,,,Mar-24,,,,,,,,,,
GW/00952,,,,,,Mar-24,,,,,,,,,,
GW/00213,,,,,,Mar-24,,,,,,,,,,
GL/00299,,,,,,Mar-24,,,,,,,,,,
GW/01026,,,,,,Mar-24,,,,,,,,,,
GW/01002,,,,,,Mar-24,,,,,,,,,,
GW/00775,,,,,,Apr-24,,,,,,,,,,
GW/00181,,,,,,Apr-24,,,,,,,,,,
GW/00692,,,,,,Apr-24,,,,,,,,,,
GW/00465,,,,,,Apr-24,,,,,,,,,,
GW/00131,,,,,,Apr-24,,,,,,,,,,
GW/00264,,,,,,Apr-24,,,,,,,,,,
GW/00487,,,,,,Apr-24,,,,,,,,,,
GW/00971,,,,,,Apr-24,,,,,,,,,,
GW/00441,,,,,,Apr-24,,,,,,,,,,
GW/00802,,,,,,Apr-24,,,,,,,,,,
GW/00600,,,,,,Apr-24,,,,,,,,,,
GW/00797,,,,,,Apr-24,,,,,,,,,,
GW/00869,,,,,,Apr-24,,,,,,,,,,
GW/00829,,,,,,Apr-24,,,,,,,,,,
GW/00459,,,,,,Apr-24,,,,,,,,,,
GW/05212,,,,,,Apr-24,,,,,,,,,,
GL/00206,,,,,,Apr-24,,,,,,,,,,
GW/00994,,,,,,Apr-24,,,,,,,,,,
GW/00324,,,,,,Apr-24,,,,,,,,,,
HC/03394,,,,,,May-24,,,,,,,,,,
GW/00915,,,,,,May-24,,,,,,,,,,
GW/00834,,,,,,May-24,,,,,,,,,,
GW/01062,,,,,,May-24,,,,,,,,,,
GW/00297,,,,,,May-24,,,,,,,,,,
GW/00478,,,,,,May-24,,,,,,,,,,
GW/01059,,,,,,May-24,,,,,,,,,,
GL/00188,,,,,,May-24,,,,,,,,,,
GW/00387,,,,,,May-24,,,,,,,,,,
GW/00281,,,,,,May-24,,,,,,,,,,
GW/00534,,,,,,May-24,,,,,,,,,,
GW/00149,,,,,,May-24,,,,,,,,,,
GL/00154,,,,,,May-24,,,,,,,,,,
GW/00824,,,,,,May-24,,,,,,,,,,
GW/00754,,,,,,May-24,,,,,,,,,,
GW/00172,,,,,,May-24,,,,,,,,,,
GW/00358,,,,,,Jun-24,,,,,,,,,,
GW/00807,,,,,,Jun-24,,,,,,,,,,
GW/00719,,,,,,Jun-24,,,,,,,,,,
GW/01111,,,,,,Jun-24,,,,,,,,,,
GW/00789,,,,,,Jun-24,,,,,,,,,,
GW/00475,,,,,,Jun-24,,,,,,,,,,
GW/00982,,,,,,Jun-24,,,,,,,,,,
GW/00716,,,,,,Jun-24,,,,,,,,,,
GW/00366,,,,,,Jun-24,,,,,,,,,,
TY/01974,,,,,,Jun-24,,,,,,,,,,
GW/00512,,,,,,Jul-24,,,,,,,,,,
GW/00993,,,,,,Jul-24,,,,,,,,,,
GW/00514,,,,,,Jul-24,,,,,,,,,,
GW/00942,,,,,,Jul-24,,,,,,,,,,
GW/00248,,,,,,Jul-24,,,,,,,,,,
GW/00519,,,,,,Jul-24,,,,,,,,,,
GW/00836,,,,,,Jul-24,,,,,,,,,,
GL/00145,,,,,,Jul-24,,,,,,,,,,
GW/00298,,,,,,Jul-24,,,,,,,,,,
GW/00192,,,,,,Jul-24,,,,,,,,,,
GW/01129,,,,,,Jul-24,,,,,,,,,,
GL/00196,,,,,,Jul-24,,,,,,,,,,
TY/02250,,,,,,Aug-24,,,,,,,,,,
GW/00302,,,,,,Aug-24,,,,,,,,,,
GW/01131,,,,,,Aug-24,,,,,,,,,,
GW/01161,,,,,,Aug-24,,,,,,,,,,
GW/00999,,,,,,Aug-24,,,,,,,,,,
GW/00162,,,,,,Sep-24,,,,,,,,,,
GW/00761,,,,,,Sep-24,,,,,,,,,,
GW/00927,,,,,,Sep-24,,,,,,,,,,
GL/00183,,,,,,Sep-24,,,,,,,,,,
GW/01083,,,,,,Sep-24,,,,,,,,,,
GW/01157,,,,,,Sep-24,,,,,,,,,,
GW/00283,,,,,,Sep-24,,,,,,,,,,
GW/01172,,,,,,Sep-24,,,,,,,,,,
GW/01139,,,,,,Sep-24,,,,,,,,,,
GW/00983,,,,,,Sep-24,,,,,,,,,,
GW/00256,,,,,,Sep-24,,,,,,,,,,
GW/00376,,,,,,Sep-24,,,,,,,,,,
GW/01092,,,,,,Sep-24,,,,,,,,,,
GL/00190,,,,,,Oct-24,,,,,,,,,,
GW/00958,,,,,,Oct-24,,,,,,,,,,
GW/01056,,,,,,Oct-24,,,,,,,,,,
GW/01094,,,,,,Oct-24,,,,,,,,,,
GW/00311,,,,,,Oct-24,,,,,,,,,,
GW/00678,,,,,,Oct-24,,,,,,,,,,
HC/04145,,,,,,Oct-24,,,,,,,,,,
GL/00252,,,,,,Oct-24,,,,,,,,,,
GW/01027,,,,,,Oct-24,,,,,,,,,,
GW/00935,,,,,,Oct-24,,,,,,,,,,
GW/00346,,,,,,Oct-24,,,,,,,,,,
GW/00701,,,,,,Nov-24,,,,,,,,,,
GL/00214,,,,,,Nov-24,,,,,,,,,,
GW/03113,,,,,,Nov-24,,,,,,,,,,
GW/01207,,,,,,Nov-24,,,,,,,,,,
GW/01007,,,,,,Nov-24,,,,,,,,,,
GW/01153,,,,,,Nov-24,,,,,,,,,,
GW/01163,,,,,,Nov-24,,,,,,,,,,
GL/00265,,,,,,Nov-24,,,,,,,,,,
GW/00403,,,,,,Nov-24,,,,,,,,,,
GW/00163,,,,,,Nov-24,,,,,,,,,,
GW/00129,,,,,,Nov-24,,,,,,,,,,
GW/01124,,,,,,Nov-24,,,,,,,,,,
GW/01079,,,,,,Dec-24,,,,,,,,,,
BY/00735,,,,,,Dec-24,,,,,,,,,,
GW/00563,,,,,,Dec-24,,,,,,,,,,
GW/01233,,,,,,Dec-24,,,,,,,,,,
GW/01226,,,,,,Dec-24,,,,,,,,,,
GW/00216,,,,,,Dec-24,,,,,,,,,,
GW/01225,,,,,,Dec-24,,,,,,,,,,
GW/00738,,,,,,Dec-24,,,,,,,,,,
GW/04623,,,,,,Jan-25,,,,,,,,,,
GW/00412,,,,,,Jan-25,,,,,,,,,,
GW/01042,,,,,,Jan-25,,,,,,,,,,
GW/01145,,,,,,Jan-25,,,,,,,,,,
GW/01261,,,,,,Feb-25,,,,,,,,,,
GL/00021,,,,,,Feb-25,,,,,,,,,,
GW/01224,,,,,,Feb-25,,,,,,,,,,
GW/01229,,,,,,Feb-25,,,,,,,,,,
GW/00507,,,,,,Feb-25,,,,,,,,,,
GW/01192,,,,,,Feb-25,,,,,,,,,,
GW/00323,,,,,,Mar-25,,,,,,,,,,
GW/00670,,,,,,Mar-25,,,,,,,,,,
GW/01117,,,,,,Mar-25,,,,,,,,,,
GW/01213,,,,,,Mar-25,,,,,,,,,,
GW/01232,,,,,,Mar-25,,,,,,,,,,
GW/01271,,,,,,Mar-25,,,,,,,,,,
GL/00293,,,,,,Mar-25,,,,,,,,,,
GW/00407,,,,,,Mar-25,,,,,,,,,,
GW/00595,,,,,,Apr-25,,,,,,,,,,
GW/00979,,,,,,Apr-25,,,,,,,,,,
GW/01160,,,,,,Apr-25,,,,,,,,,,
GW/01125,,,,,,Apr-25,,,,,,,,,,
GW/01066,,,,,,Apr-25,,,,,,,,,,
GW/00914,,,,,,Apr-25,,,,,,,,,,
GW/01308,,,,,,May-25,,,,,,,,,,
GW/01300,,,,,,May-25,,,,,,,,,,
GL/00304,,,,,,May-25,,,,,,,,,,
GW/01236,,,,,,May-25,,,,,,,,,,
GW/01147,,,,,,May-25,,,,,,,,,,
GW/00727,,,,,,Jun-25,,,,,,,,,,
GL/00153,,,,,,Jun-25,,,,,,,,,,
GW/01231,,,,,,Jun-25,,,,,,,,,,
GW/01353,,,,,,Jul-25,,,,,,,,,,
GW/01210,,,,,,Jul-25,,,,,,,,,,
GW/01334,,,,,,Jul-25,,,,,,,,,,
GL/00277,,,,,,Jul-25,,,,,,,,,,
GW/01262,,,,,,Jul-25,,,,,,,,,,
GW/05194,,,,,,Aug-25,,,,,,,,,,
GW/00451,,,,,,Aug-25,,,,,,,,,,
GW/01360,,,,,,Sep-25,,,,,,,,,,
GL/038/97,,,,,,Sep-25,,,,,,,,,,
GW/01402,,,,,,Sep-25,,,,,,,,,,
GW/01406,,,,,,Sep-25,,,,,,,,,,
GW/01299,,,,,,Sep-25,,,,,,,,,,
GW/01290,,,,,,Sep-25,,,,,,,,,,
GW/00798,,,,,,Sep-25,,,,,,,,,,
GW/01272,,,,,,Sep-25,,,,,,,,,,
GW/01297,,,,,,Oct-25,,,,,,,,,,
GW/00160,,,,,,Oct-25,,,,,,,,,,
GW/01367,,,,,,Oct-25,,,,,,,,,,
GW/01358,,,,,,Oct-25,,,,,,,,,,
GW/00744,,,,,,Oct-25,,,,,,,,,,
GL/00114,,,,,,Oct-25,,,,,,,,,,
GW/01420,,,,,,Oct-25,,,,,,,,,,
GW/01429,,,,,,Nov-25,,,,,,,,,,
GW/01421,,,,,,Nov-25,,,,,,,,,,
GW/01465,,,,,,Nov-25,,,,,,,,,,
GW/00490,,,,,,Nov-25,,,,,,,,,,
HC/03926,,,,,,Nov-25,,,,,,,,,,
GW/00194,,,,,,Nov-25,,,,,,,,,,
BE/00136,,,,,,Nov-25,,,,,,,,,,
GW/00906,,,,,,Nov-25,,,,,,,,,,
GW/01365,,,,,,Nov-25,,,,,,,,,,
GW/00448,,,,,,Dec-25,,,,,,,,,,
GW/01542,,,,,,Jan-26,,,,,,,,,,
GW/01110,,,,,,Feb-26,,,,,,,,,,
GW/01510,,,,,,Feb-26,,,,,,,,,,
GW/01469,,,,,,Feb-26,,,,,,,,,,
GW/01119,,,,,,Mar-26,,,,,,,,,,
GW/01443,,,,,,Mar-26,,,,,,,,,,
GW/01576,,,,,,Mar-26,,,,,,,,,,
GW/01555,,,,,,Mar-26,,,,,,,,,,
GW/01579,,,,,,Apr-26,,,,,,,,,,
GW/01475,,,,,,Apr-26,,,,,,,,,,
GL/00027,,,,,,Apr-26,,,,,,,,,,
GW/01375,,,,,,May-26,,,,,,,,,,
GW/01487,,,,,,May-26,,,,,,,,,,
GW/01578,,,,,,May-26,,,,,,,,,,
GW/01625,,,,,,May-26,,,,,,,,,,
GW/01260,,,,,,May-26,,,,,,,,,,
GW/01480,,,,,,May-26,,,,,,,,,,
GW/01466,,,,,,May-26,,,,,,,,,,
GW/01562,,,,,,May-26,,,,,,,,,,
GW/00782,,,,,,May-26,,,,,,,,,,
GW/00828,,,,,,Jun-26,,,,,,,,,,
GW/01668,,,,,,Jun-26,,,,,,,,,,
GW/01283,,,,,,Jun-26,,,,,,,,,,
GW/01631,,,,,,Jun-26,,,,,,,,,,
GW/01512,,,,,,Jun-26,,,,,,,,,,
GW/01642,,,,,,Jun-26,,,,,,,,,,
GW/00892,,,,,,Jun-26,,,,,,,,,,
GW/01336,,,,,,Jun-26,,,,,,,,,,
GW/01637,,,,,,Jul-26,,,,,,,,,,
GW/01444,,,,,,Jul-26,,,,,,,,,,
GW/01477,,,,,,Jul-26,,,,,,,,,,
GW/01626,,,,,,Jul-26,,,,,,,,,,
GW/00793,,,,,,Aug-26,,,,,,,,,,
GW/01248,,,,,,Aug-26,,,,,,,,,,
GW/01697,,,,,,Aug-26,,,,,,,,,,
GW/01477,,,,,,Aug-26,,,,,,,,,,
GW/01630,,,,,,Aug-26,,,,,,,,,,
GW/01531,,,,,,Aug-26,,,,,,,,,,
GW/00842,,,,,,Aug-26,,,,,,,,,,
GW/01686,,,,,,Aug-26,,,,,,,,,,
GW/01617,,,,,,Sep-26,,,,,,,,,,
GW/01779,,,,,,Sep-26,,,,,,,,,,
GW/01750,,,,,,Sep-26,,,,,,,,,,
GL/013/98,,,,,,Sep-26,,,,,,,,,,
GW/01786,,,,,,Sep-26,,,,,,,,,,
GW/01753,,,,,,Sep-26,,,,,,,,,,
GW/01288,,,,,,Sep-26,,,,,,,,,,
GW/01690,,,,,,Oct-26,,,,,,,,,,
GW/01680,,,,,,Oct-26,,,,,,,,,,
GW/01572,,,,,,Oct-26,,,,,,,,,,
GW/01561,,,,,,Oct-26,,,,,,,,,,
GW/01403,,,,,,Oct-26,,,,,,,,,,
HC/02570,,,,,,Oct-26,,,,,,,,,,
GW/01819,,,,,,Nov-26,,,,,,,,,,
GW/01641,,,,,,Nov-26,,,,,,,,,,
GW/01724,,,,,,Nov-26,,,,,,,,,,
BH/00497,,,,,,Nov-26,,,,,,,,,,
GW/01751,,,,,,Nov-26,,,,,,,,,,
GW/01715,,,,,,Nov-26,,,,,,,,,,
GW/01796,,,,,,Nov-26,,,,,,,,,,
GW/01152,,,,,,Dec-26,,,,,,,,,,
gw01381,,,,,,Nov-26,,,,,,,,,,
GW01852,,,,,,Nov-26,,,,,,,,,,
GW01732,,,,,,Nov-26,,,,,,,,,,
GW01746,,,,,,Nov-26,,,,,,,,,,
BH02215,,,,,,Nov-26,,,,,,,,,,
GW01511,,,,,,Dec-26,,,,,,,,,,
GW01080,,,,,,Dec-26,,,,,,,,,,
BH02202,,,,,,Dec-26,,,,,,,,,,
GW01764,,,,,,Dec-26,,,,,,,,,,
GW01864,,,,,,Dec-26,,,,,,,,,,
GW01615,,,,,,Dec-26,,,,,,,,,,
GW01115,,,,,,Dec-26,,,,,,,,,,
GW01708,Dec,,,,,Dec-26,,,,,,,,,,
GW01494,,,,,,Jan-27,,,,,,,,,,
GW00845,,,,,,Jan-27,,,,,,,,,,
GW01661,,,,,,Jan-27,,,,,,,,,,
GW01702,,,,,,Jan-27,,,,,,,,,,
GW01741,,,,,,Jan-27,,,,,,,,,,
GW01681,,,,,,Jan-27,,,,,,,,,,
GW/01677,,,,,,Jan-27,,,,,,,,,,
GW/01947,,,,,,Feb-27,,,,,,,,,,
GW/01054,,,,,,Feb-27,,,,,,,,,,
GL/00050,,,,,,Feb-27,,,,,,,,,,
GW00136,,,,,,Dec-27,,,,,,,,,,
GW01627,,,,,,May-27,,,,,,,,,,
GW01980,,,,,,Feb-27,,,,,,,,,,
HC02749,,,,,,Feb-27,,,,,,,,,,
GW01519,,,,,,Nov-27,,,,,,,,,,
GW01924,,,,,,Feb-27,,,,,,,,,,
GW00620,,,,,,Jul-27,,,,,,,,,,
GW02007,,,,,,Mar-27,,,,,,,,,,
GW01528,,,,,,Apr-27,,,,,,,,,,
GW01551,,,,,,May-27,,,,,,,,,,
GW01244,,,,,,Mar-27,,,,,,,,,,
GW01526,,,,,,Mar-27,,,,,,,,,,
GW01374,,,,,,Mar-27,,,,,,,,,,
GW01760,,,,,,Mar-27,,,,,,,,,,
HC07019,,,,,,Mar-27,,,,,,,,,,
GW01664,,,,,,Mar-27,,,,,,,,,,
GW01709,,,,,,Jul-27,,,,,,,,,,
GW01891,,,,,,Mar-27,,,,,,,,,,
GW01923,,,,,,Mar-27,,,,,,,,,,
GW/01927,,,,,,Mar-27,,,,,,,,,,
GW01571,,,,,,Apr-27,,,,,,,,,,
GW01571,,,,,,May-27,,,,,,,,,,
GW01974,,,,,,Jul-27,,,,,,,,,,
GW/01758,,,,,,May-27,,,,,,,,,,
GW/01803,,,,,,Jun-27,,,,,,,,,,
GW02035,,,,,,Jun-27,,,,,,,,,,
GW/01961,,,,,,Jun-27,,,,,,,,,,
GW/01884,,,,,,Jun-27,,,,,,,,,,
GW/01958,,,,,,Jun-27,,,,,,,,,,
GW/02001,,,,,,Jun-27,,,,,,,,,,
GW/01116,,,,,,Jul-27,,,,,,,,,,
BE/00194,,,,,,Jul-27,,,,,,,,,,
HC/06938,,,,,,Jul-27,,,,,,,,,,
GW/02062,,,,,,Jul-27,,,,,,,,,,
GW/01700,,,,,,Jul-27,,,,,,,,,,
GW/00497,,,,,,Jul-27,,,,,,,,,,
GW/01658,,,,,,Jul-27,,,,,,,,,,
HC/07385,,,,,,Jul-27,,,,,,,,,,
GW/01809,,,,,,Jul-27,,,,,,,,,,
GW/01143,,,,,,Aug-27,,,,,,,,,,
NS/00059,,,,,,Aug-27,,,,,,,,,,
GW/01309,,,,,,Aug-27,,,,,,,,,,
HC/07195,,,,,,Aug-27,,,,,,,,,,
GW/01987,,,,,,Aug-27,,,,,,,,,,
GW/01727,,,,,,Aug-27,,,,,,,,,,
TY/04472,,,,,,Aug-27,,,,,,,,,,
GW/02037,,,,,,Aug-27,,,,,,,,,,
GW/01581,,,,,,Aug-27,,,,,,,,,,
GW/01389,,,,,,Aug-27,,,,,,,,,,
GW/02187,,,,,,Sep-27,,,,,,,,,,
GW/02107,,,,,,Sep-27,,,,,,,,,,
GW/02159,,,,,,Sep-27,,,,,,,,,,
GW/02150,,,,,,Sep-27,,,,,,,,,,
GW/01563,,,,,,Sep-27,,,,,,,,,,
GW/01820,,,,,,Sep-27,,,,,,,,,,
GW/01812,,,,,,Sep-27,,,,,,,,,,
GW/01780,,,,,,Sep-27,,,,,,,,,,
GW/01784,,,,,,Oct-27,,,,,,,,,,
GW/02230,,,,,,Oct-27,,,,,,,,,,
HC/06231,,,,,,Oct-27,,,,,,,,,,
GW/02205,,,,,,Oct-27,,,,,,,,,,
GW/01151,,,,,,Oct-27,,,,,,,,,,
GW/01794,,,,,,Oct-27,,,,,,,,,,
GW/01749,,,,,,Oct-27,,,,,,,,,,
GW/02132,,,,,,Oct-27,,,,,,,,,,
GW/02229,,,,,,Oct-27,,,,,,,,,,
GW/01485,,,,,,Oct-27,,,,,,,,,,
GW/01489,,,,,,Oct-27,,,,,,,,,,
GW/01638,,,,,,Oct-27,,,,,,,,,,
GW/01366,,,,,,Oct-27,,,,,,,,,,
GW/01091,,,,,,Nov-27,,,,,,,,,,
GW/02232,,,,,,Nov-27,,,,,,,,,,
GW/02250,,,,,,Nov-27,,,,,,,,,,
GW/00913,,,,,,Dec-27,,,,,,,,,,
GW/02211,,,,,,Dec-27,,,,,,,,,,
HC/07332,,,,,,Jan-28,,,,,,,,,,
GW/01985,,,,,,Jan-28,,,,,,,,,,
GW/01843,,,,,,Jan-28,,,,,,,,,,
HC/06613,,,,,,Jan-28,,,,,,,,,,
GW/02243,,,,,,Jan-28,,,,,,,,,,
GW/02292,,,,,,Jan-28,,,,,,,,,,
GW/02291,,,,,,Jan-28,,,,,,,,,,
HC/07060,,,,,,Jan-28,,,,,,,,,,
GW/02103,,,,,,Jan-28,,,,,,,,,,
GW/01919,,,,,,Jan-28,,,,,,,,,,
GW/01995,,,,,,Jan-28,,,,,,,,,,
GW/01739,,,,,,Jan-28,,,,,,,,,,
GW/01826,,,,,,Jan-28,,,,,,,,,,
GW/02277,,,,,,Jan-28,,,,,,,,,,
GW/01719,,,,,,Jan-28,,,,,,,,,,
GW/01530,,,,,,Jan-28,,,,,,,,,,
GW/02146,,,,,,Jan-28,,,,,,,,,,
GW/01982,,,,,,Jan-28,,,,,,,,,,
GW/00847,,,,,,Jan-28,,,,,,,,,,
GW/02090,,,,,,Jan-28,,,,,,,,,,
GW/01920,,,,,,Jan-28,,,,,,,,,,
GW/01523,,,,,,Jan-28,,,,,,,,,,
GW/02267,,,,,,Jan-28,,,,,,,,,,
GW/02167,,,,,,Jan-28,,,,,,,,,,
GW/02174,,,,,,Jan-28,,,,,,,,,,
GW/01312,,,,,,Jan-28,,,,,,,,,,
GW/02241,,,,,,Jan-28,,,,,,,,,,
GW/02156,,,,,,Jan-28,,,,,,,,,,
GW/02145,,,,,,Jan-28,,,,,,,,,,
GW/01956,,,,,,Jan-28,,,,,,,,,,
GW/01957,,,,,,Jan-28,,,,,,,,,,
GW/02018,,,,,,Jan-28,,,,,,,,,,
GW/02066,,,,,,Jan-28,,,,,,,,,,
GW/02245,,,,,,Jan-28,,,,,,,,,,
GW/02079,,,,,,Jan-28,,,,,,,,,,
HC/07467,,,,,,Jan-28,,,,,,,,,,
GW/02152,,,,,,Feb-28,,,,,,,,,,
GW/02261,,,,,,Feb-28,,,,,,,,,,
GW/01316,,,,,,Feb-28,,,,,,,,,,
GW/02026,,,,,,Feb-28,,,,,,,,,,
GW/01651,,,,,,Feb-28,,,,,,,,,,
GW/01185,,,,,,Feb-28,,,,,,,,,,
GW/01917,,,,,,Mar-28,,,,,,,,,,
GW/01422,,,,,,Mar-28,,,,,,,,,,
GW/02168,,,,,,Mar-28,,,,,,,,,,
GW/02316,,,,,,Mar-28,,,,,,,,,,
GW/01767,,,,,,Mar-28,,,,,,,,,,
GW/02403,,,,,,Apr-28,,,,,,,,,,
GW/01972,,,,,,May-28,,,,,,,,,,
HC/04925,,,,,,May-28,,,,,,,,,,
GW/02061,,,,,,May-28,,,,,,,,,,
GW/02225,,,,,,May-28,,,,,,,,,,
GW/02087,,,,,,May-28,,,,,,,,,,
GW/02020,,,,,,May-28,,,,,,,,,,
TY/05894,,,,,,May-28,,,,,,,,,,
GW/02004,,,,,,Jun-28,,,,,,,,,,
GW/02449,,,,,,Jun-28,,,,,,,,,,
HC/03098,,,,,,Jun-28,,,,,,,,,,
GW/02336,,,,,,Jun-28,,,,,,,,,,
GW/02191,,,,,,Jun-28,,,,,,,,,,
GW/02087,,,,,,Jul-28,,,,,,,,,,
GW/02320,,,,,,Jul-28,,,,,,,,,,
GW/02317,,,,,,Jul-28,,,,,,,,,,
GW/02297,,,,,,Jul-28,,,,,,,,,,
GW/02160,,,,,,Jul-28,,,,,,,,,,
GW/01873,,,,,,Jul-28,,,,,,,,,,
GW/00861,,,,,,Jul-28,,,,,,,,,,
PE/00282,,,,,,Aug-28,,,,,,,,,,
GW/01688,,,,,,Aug-28,,,,,,,,,,
GW/01721,,,,,,Aug-28,,,,,,,,,,
GW/02428,,,,,,Aug-28,,,,,,,,,,
GW/01730,,,,,,Aug-28,,,,,,,,,,
GW/02375,,,,,,Sep-28,,,,,,,,,,
GW/02045,,,,,,Sep-28,,,,,,,,,,
GW/02281,,,,,,Sep-28,,,,,,,,,,
GL/034/98,,,,,,Sep-28,,,,,,,,,,
GW/02357,,,,,,Sep-28,,,,,,,,,,
GW/01743,,,,,,Sep-28,,,,,,,,,,
GW/02149,,,,,,Sep-28,,,,,,,,,,
GW/02442,,,,,,Sep-28,,,,,,,,,,
GL/00174,,,,,,Sep-28,,,,,,,,,,
GW/02307,,,,,,Sep-28,,,,,,,,,,
BB/00092,,,,,,Sep-28,,,,,,,,,,
GW/00332,,,,,,Oct-28,,,,,,,,,,
GW/02492,,,,,,Oct-28,,,,,,,,,,
GW/00571,,,,,,Oct-28,,,,,,,,,,
CR/01499,,,,,,Oct-28,,,,,,,,,,
GW/02590,,,,,,Oct-28,,,,,,,,,,
GW/02144,,,,,,Oct-28,,,,,,,,,,
GW/00182,,,,,,Nov-28,,,,,,,,,,
GW/02115,,,,,,Nov-28,,,,,,,,,,
GW/02249,,,,,,Nov-28,,,,,,,,,,
BB/00809,,,,,,Dec-28,,,,,,,,,,
GW/02247,,,,,,Dec-28,,,,,,,,,,
GW/00972,,,,,,Dec-28,,,,,,,,,,
GW/02441,,,,,,Dec-28,,,,,,,,,,
GW/01376,,,,,,Jan-29,,,,,,,,,,
GW/02556,,,,,,Feb-29,,,,,,,,,,
GW/02417,,,,,,Feb-29,,,,,,,,,,
GW/02538,,,,,,Feb-29,,,,,,,,,,
BE/00405,,,,,,Mar-29,,,,,,,,,,
GW/02685,,,,,,Mar-29,,,,,,,,,,
GW/02673,,,,,,Mar-29,,,,,,,,,,
GW/02151,,,,,,Apr-29,,,,,,,,,,
GW/02536,,,,,,Apr-29,,,,,,,,,,
GW/02604,,,,,,Apr-29,,,,,,,,,,
BB/00506,,,,,,Apr-29,,,,,,,,,,
GW/02726,,,,,,Apr-29,,,,,,,,,,
GW/02670,,,,,,May-29,,,,,,,,,,
GW/02635,,,,,,May-29,,,,,,,,,,
GW/02729,,,,,,May-29,,,,,,,,,,
GL/00122,,,,,,May-29,,,,,,,,,,
GW/02730,,,,,,Jun-29,,,,,,,,,,
GW/02731,,,,,,Jun-29,,,,,,,,,,
GW/02596,,,,,,Jun-29,,,,,,,,,,
GW/00515,,,,,,Jun-29,,,,,,,,,,
GW/02811,,,,,,Jul-29,,,,,,,,,,
GW/02549,,,,,,Jul-29,,,,,,,,,,
GW/00159,,,,,,Jul-29,,,,,,,,,,
GW/02469,,,,,,Jul-29,,,,,,,,,,
GW/01245,,,,,,Jul-29,,,,,,,,,,
GW/02668,,,,,,Jul-29,,,,,,,,,,
GW/02699,,,,,,Jul-29,,,,,,,,,,
BB/00847,,,,,,Jul-29,,,,,,,,,,
GW/02869,,,,,,Jul-29,,,,,,,,,,
GW/02894,,,,,,Jul-29,,,,,,,,,,
GW/02750,,,,,,Aug-29,,,,,,,,,,
GW/02021,,,,,,Aug-29,,,,,,,,,,
GW/01464,,,,,,Aug-29,,,,,,,,,,
GW/01089,,,,,,Aug-29,,,,,,,,,,
GW/02761,,,,,,Sep-29,,,,,,,,,,
GW/02907,,,,,,Oct-29,,,,,,,,,,
GW/02755,,,,,,Oct-29,,,,,,,,,,
GW/02942,,,,,,Oct-29,,,,,,,,,,
GW/02462,,,,,,Oct-29,,,,,,,,,,
GW/02827,,,,,,Oct-29,,,,,,,,,,
GW/02966,,,,,,Oct-29,,,,,,,,,,
GW/02900,,,,,,Oct-29,,,,,,,,,,
PE/00477,,,,,,Oct-29,,,,,,,,,,
GW/00534,,,,,,Nov-29,,,,,,,,,,
BB/01199,,,,,,Nov-29,,,,,,,,,,
GW/03012,,,,,,Nov-29,,,,,,,,,,
GW/02504,,,,,,Nov-29,,,,,,,,,,
GW/02949,,,,,,Nov-29,,,,,,,,,,
GW/02846,,,,,,Nov-29,,,,,,,,,,
GW/03081,,,,,,Nov-29,,,,,,,,,,
GW/03098,,,,,,Dec-29,,,,,,,,,,
GW/02193,,,,,,Dec-29,,,,,,,,,,
GW/02099,,,,,,Dec-29,,,,,,,,,,
PE/00490,,,,,,Dec-29,,,,,,,,,,
GW02972,,,,,,Aug-30,,,,,,,,,,
GW03077,,,,,,Feb-30,,,,,,,,,,
GW03089,,,,,,Feb-30,,,,,,,,,,
GW02941,,,,,,Sep-30,,,,,,,,,,
HC10368,,,,,,Feb-30,,,,,,,,,,
HC10368,,,,,,Feb-30,,,,,,,,,,
GW02537,,,,,,Jan-30,,,,,,,,,,
GW03296,,,,,,Jan-30,,,,,,,,,,
GW/03273,,,,,,May-30,,,,,,,,,,
GW/03205,,,,,,May-30,,,,,,,,,,
GW03317,,,,,,Oct-30,,,,,,,,,,
GL00107,,,,,,Oct-30,,,,,,,,,,
GW03207,,,,,,Jan-30,,,,,,,,,,
GW00965,,,,,,Sep-30,,,,,,,,,,
TY07307,,,,,,Jan-30,,,,,,,,,,
GW03161,,,,,,Feb-30,,,,,,,,,,
GW02968,,,,,,Aug-30,,,,,,,,,,
GW03069,,,,,,Feb-30,,,,,,,,,,
GW02952,,,,,,Aug-30,,,,,,,,,,
CH00872,,,,,,Feb-30,,,,,,,,,,
GW03103,,,,,,Nov-30,,,,,,,,,,
GW02770,,,,,,Apr-30,,,,,,,,,,
GW02769,,,,,,Aug-30,,,,,,,,,,
GW01654,,,,,,Jan-30,,,,,,,,,,
GW02617,,,,,,Nov-30,,,,,,,,,,
GW02886,,,,,,Feb-30,,,,,,,,,,
GW02843,,,,,,May-30,,,,,,,,,,
GW03066,,,,,,Oct-30,,,,,,,,,,
HC06950,,,,,,Mar-30,,,,,,,,,,
GW03094,,,,,,Feb-30,,,,,,,,,,
GW02834,,,,,,Feb-30,,,,,,,,,,
GW02930,,,,,,Jul-30,,,,,,,,,,
TY07739,,,,,,Feb-30,,,,,,,,,,
NS00109,,,,,,Mar-30,,,,,,,,,,
BB00938,,,,,,Mar-30,,,,,,,,,,
HC/05475,,,,,,Mar-30,,,,,,,,,,
GW02592,,,,,,Nov-30,,,,,,,,,,
HC10486,,,,,,May-30,,,,,,,,,,
GW03074,,,,,,Oct-30,,,,,,,,,,
GW03156,,,,,,Feb-30,,,,,,,,,,
GW03157,,,,,,Dec-30,,,,,,,,,,
GW03175,,,,,,Jan-30,,,,,,,,,,
GW03284,,,,,,Apr-30,,,,,,,,,,
GW02288,,,,,,Apr-30,,,,,,,,,,
GW/03295,,,,,,Apr-30,,,,,,,,,,
GW01400,,,,,,Feb-30,,,,,,,,,,
GW03178,,,,,,Apr-30,,,,,,,,,,
GW01742,,,,,,May-30,,,,,,,,,,
GW03310,,,,,,May-30,,,,,,,,,,
GW02921,,,,,,Jul-30,,,,,,,,,,
GW/05124,,,,,,Nov-34,,,,,,,,,,
GW03205,,,,,,Jan-32,,,,,,,,,,
GW03273,,,,,,Mar-32,,,,,,,,,,
GW03197,,,,,,Jan-30,,,,,,,,,,
GW03188,,,,,,Jan-30,,,,,,,,,,
GW02444,,,,,,May-30,,,,,,,,,,
GW00917,,,,,,Sep-30,,,,,,,,,,
GW02615,,,,,,Dec-30,,,,,,,,,,
PE/00608,,,,,,Mar-32,,,,,,,,,,
GW03393,,,,,,Jul-30,,,,,,,,,,
GW03019,,,,,,Sep-30,,,,,,,,,,
GW00896,,,,,,Jul-30,,,,,,,,,,
GW03062,,,,,,Jul-30,,,,,,,,,,
GW03252,,,,,,Jul-30,,,,,,,,,,
GW03180,,,,,,Sep-30,,,,,,,,,,
GW02919,,,,,,Jul-30,,,,,,,,,,
GW/03312,,,,,,Jul-30,,,,,,,,,,
GW00984,,,,,,Dec-30,,,,,,,,,,
GW03199,,,,,,Jun-30,,,,,,,,,,
GW03091,,,,,,Jun-30,,,,,,,,,,
GL/00122,,,,,,Jun-30,,,,,,,,,,
GW03233,,,,,,Jun-30,,,,,,,,,,
GW/02480,,,,,,Jun-30,,,,,,,,,,
GW/03323,,,,,,Jun-30,,,,,,,,,,
BH/03842,,,,,,Jun-30,,,,,,,,,,
GW/03154,,,,,,Jun-06,,,,,,,,,,
PE/00608,,,,,,Jul-30,,,,,,,,,,
PE/00616,,,,,,Aug-30,,,,,,,,,,
GW/03298,,,,,,Aug-30,,,,,,,,,,
GW/03051,,,,,,Oct-30,,,,,,,,,,
GW/03343,,,,,,Apr-32,,,,,,,,,,
GW/02822,,,,,,Jun-30,,,,,,,,,,
HC/10504,,,,,,Feb-30,,,,,,,,,,
GW/03338,,,,,,Aug-30,,,,,,,,,,
PE00616,,,,,,Mar-32,,,,,,,,,,
GW/03298,,,,,,Mar-32,,,,,,,,,,
GW/03212,,,,,,Nov-30,,,,,,,,,,
GW/00352,,,,,,Nov-30,,,,,,,,,,
GW/01298,,,,,,Sep-30,,,,,,,,,,
GW/00849,,,,,,Sep-30,,,,,,,,,,
GW/03453,,,,,,Sep-30,,,,,,,,,,
GW/03315,,,,,,Sep-30,,,,,,,,,,
GW/03106,,,,,,Oct-30,,,,,,,,,,
GW/03420,,,,,,Jun-30,,,,,,,,,,
GW/02796,,,,,,Oct-30,,,,,,,,,,
GW/00990,,,,,,Oct-30,,,,,,,,,,
HC/05475,,,,,,Mar-32,,,,,,,,,,
GW/03473,,,,,,Aug-30,,,,,,,,,,
GW/00246,,,,,,Nov-30,,,,,,,,,,
GW03419,,,,,,Jul-30,,,,,,,,,,
GW/03559,,,,,,Oct-30,,,,,,,,,,
GW/03208,,,,,,Nov-30,,,,,,,,,,
GW/03519,,,,,,Sep-30,,,,,,,,,,
GW03465,,,,,,Nov-30,,,,,,,,,,
GW/04127,,,,,,Dec-31,,,,,,,,,,
GW/03569,,,,,,Dec-30,,,,,,,,,,
GW/03328,,,,,,Dec-30,,,,,,,,,,
GW/04068,,,,,,Oct-33,,,,,,,,,,
GW/03278,,,,,,Jan-31,,,,,,,,,,
GW/04024,,,,,,Jan-31,,,,,,,,,,
GW/03762,,,,,,Feb-31,,,,,,,,,,
GW/01425,,,,,,Sep-31,,,,,,,,,,
GW/04158,,,,,,Jan-32,,,,,,,,,,
GW/03667,,,,,,Jan-31,,,,,,,,,,
GW/03421,,,,,,Jun-31,,,,,,,,,,
GW/03684,,,,,,Jan-33,,,,,,,,,,
GW/01146,,,,,,Sep-21,,,,,,,,,,
GW/03556,,,,,,Jan-31,,,,,,,,,,
GW03220,,,,,,Jan-31,,,,,,,,,,
GW03539,,,,,,Jan-31,,,,,,,,,,
CH00768,,,,,,Jan-31,,,,,,,,,,
GW/03052,,,,,,Jan-31,,,,,,,,,,
GW03262,,,,,,Jan-31,,,,,,,,,,
GW/03684,,,,,,Jan-31,,,,,,,,,,
HC/05923,,,,,,Mar-31,,,,,,,,,,
GW/03736,,,,,,Feb-31,,,,,,,,,,
GW/02654,,,,,,Mar-31,,,,,,,,,,
GW02938,,,,,,Mar-31,,,,,,,,,,
GW/03554,,,,,,Mar-31,,,,,,,,,,
GW/03799,,,,,,Mar-31,,,,,,,,,,
GW03589,,,,,,Feb-31,,,,,,,,,,
GW03681,,,,,,Feb-31,,,,,,,,,,
GW/03498,,,,,,Feb-31,,,,,,,,,,
GW/03561,,,,,,Nov-31,,,,,,,,,,
GW/03552,,,,,,Nov-31,,,,,,,,,,
TY/10213,,,,,,Nov-31,,,,,,,,,,
GW03198,,,,,,Jan-31,,,,,,,,,,
GW/03647,,,,,,Mar-31,,,,,,,,,,
PE/00595,,,,,,Oct-31,,,,,,,,,,
TY10396,,,,,,Mar-31,,,,,,,,,,
GW/03550,,,,,,Mar-31,,,,,,,,,,
GW04157,,,,,,Mar-32,,,,,,,,,,
GW/03675,,,,,,Mar-31,,,,,,,,,,
GW/03650,,,,,,Mar-31,,,,,,,,,,
GW/03361,,,,,,Mar-31,,,,,,,,,,
GW/04160,,,,,,Mar-32,,,,,,,,,,
GW/03692,,,,,,Apr-31,,,,,,,,,,
GW03648,,,,,,Nov-31,,,,,,,,,,
GW03673,,,,,,Dec-31,,,,,,,,,,
TY/09445,,,,,,Nov-32,,,,,,,,,,
GW03668,,,,,,Apr-31,,,,,,,,,,
GW03445,,,,,,Apr-31,,,,,,,,,,
GW/03063,,,,,,Nov-31,,,,,,,,,,
GW/03737,,,,,,Feb-33,,,,,,,,,,
GW/03442,,,,,,May-31,,,,,,,,,,
HC/11534,,,,,,May-31,,,,,,,,,,
GW/03636,,,,,,May-31,,,,,,,,,,
GW03693,,,,,,May-31,,,,,,,,,,
GW/03737,,,,,,May-31,,,,,,,,,,
PE/00766,,,,,,Jul-31,,,,,,,,,,
GW/03818,,,,,,Jul-31,,,,,,,,,,
GW/02655,,,,,,Aug-31,,,,,,,,,,
GW/03427,,,,,,Aug-31,,,,,,,,,,
GW/03866,,,,,,Aug-31,,,,,,,,,,
TY/11180,,,,,,Aug-31,,,,,,,,,,
GW/04005,,,,,,Aug-31,,,,,,,,,,
GW/01798,,,,,,Sep-31,,,,,,,,,,
GW/04099,,,,,,Nov-31,,,,,,,,,,
GW/04096,,,,,,Nov-31,,,,,,,,,,
HW/00721,,,,,,Nov-31,,,,,,,,,,
BH/04009,,,,,,Nov-31,,,,,,,,,,
GW/04127,,,,,,Dec-31,,,,,,,,,,
GW03555,,,,,,Jun-31,,,,,,,,,,
GW02944,,,,,,Feb-31,,,,,,,,,,
BB/01307,,,,,,Jul-31,,,,,,,,,,
GW/01798,,,,,,Jul-33,,,,,,,,,,
GW/02567,,,,,,Jul-33,,,,,,,,,,
GW/03869,,,,,,Jul-33,,,,,,,,,,
GW/03215,,,,,,Sep-31,,,,,,,,,,
GW/03590,,,,,,Aug-31,,,,,,,,,,
GW/03461,,,,,,Aug-31,,,,,,,,,,
GW/03864,,,,,,Aug-31,,,,,,,,,,
GW/03866,,,,,,May-33,,,,,,,,,,
GW/03767,,,,,,Aug-31,,,,,,,,,,
TY/11180,,,,,,Mar-33,,,,,,,,,,
GW/03938,,,,,,Aug-31,,,,,,,,,,
GW/03603,,,,,,Aug-31,,,,,,,,,,
GW/03475,,,,,,Aug-31,,,,,,,,,,
GW/03427,,,,,,Jul-33,,,,,,,,,,
GW/02655,,,,,,Jun-33,,,,,,,,,,
HC/11862,,,,,,Aug-31,,,,,,,,,,
GW/03808,,,,,,Aug-31,,,,,,,,,,
GW/03818,,,,,,Mar-33,,,,,,,,,,
GW/03763,,,,,,Jul-31,,,,,,,,,,
GW/03915,,,,,,Aug-31,,,,,,,,,,
PE/00766,,,,,,Mar-33,,,,,,,,,,
HC/06653,,,,,,May-31,,,,,,,,,,
GW/03718,,,,,,Nov-31,,,,,,,,,,
GW/03835,,,,,,Nov-31,,,,,,,,,,
GW/04099,,,,,,Nov-33,,,,,,,,,,
GW/03567,,,,,,Nov-31,,,,,,,,,,
GW/04096,,,,,,Oct-33,,,,,,,,,,
GW/03884,,,,,,Nov-31,,,,,,,,,,
GW/03901,,,,,,Nov-31,,,,,,,,,,
GW/03825,,,,,,Nov-31,,,,,,,,,,
GW/03798,,,,,,Sep-31,,,,,,,,,,
GW04005,,,,,,Aug-33,,,,,,,,,,
GW/01915,,,,,,Aug-31,,,,,,,,,,
HW/00721,,,,,,Jul-33,,,,,,,,,,
GW/00293,,,,,,Aug-31,,,,,,,,,,
GW/03784,,,,,,Oct-31,,,,,,,,,,
GW/04026,,,,,,Oct-31,,,,,,,,,,
GW/03828,,,,,,Oct-31,,,,,,,,,,
HC/09421,,,,,,Sep-31,,,,,,,,,,
GW/03843,,,,,,Sep-31,,,,,,,,,,
GW/04022,,,,,,Sep-31,,,,,,,,,,
GW/03666,,,,,,Sep-31,,,,,,,,,,
GW/02063,,,,,,Sep-31,,,,,,,,,,
GW/02567,,,,,,Sep-31,,,,,,,,,,
GW/03869,,,,,,Sep-31,,,,,,,,,,
GW/03806,,,,,,Nov-31,,,,,,,,,,
GW/04049,,,,,,Nov-31,,,,,,,,,,
GW/04076,,,,,,Nov-31,,,,,,,,,,
GW/02818,,,,,,Dec-31,,,,,,,,,,
GW/03977,,,,,,Jan-32,,,,,,,,,,
TY/11070,,,,,,Jan-32,,,,,,,,,,
GW/04066,,,,,,Jan-32,,,,,,,,,,
GW/02461,,,,,,Jan-32,,,,,,,,,,
GW/04116,,,,,,Jan-32,,,,,,,,,,
GW/03860,,,,,,Jan-32,,,,,,,,,,
GW/04023,,,,,,Jan-32,,,,,,,,,,
GW/04079,,,,,,Jan-32,,,,,,,,,,
GW/03997,,,,,,Jan-32,,,,,,,,,,
GW/04158,,,,,,Jan-32,,,,,,,,,,
GW/04068,,,,,,Jan-32,,,,,,,,,,
GW/04035,,,,,,Feb-32,,,,,,,,,,
GW/03782,,,,,,Feb-32,,,,,,,,,,
GW/02872,,,,,,Feb-32,,,,,,,,,,
GW/01803,,,,,,Feb-32,,,,,,,,,,
GW/04118,,,,,,Feb-32,,,,,,,,,,
GW/02649,,,,,,Feb-32,,,,,,,,,,
GW/03766,,,,,,Feb-32,,,,,,,,,,
GW/03586,,,,,,Feb-32,,,,,,,,,,
GW/04111,,,,,,Feb-32,,,,,,,,,,
GW/03448,,,,,,Feb-32,,,,,,,,,,
GW/03972,,,,,,Feb-32,,,,,,,,,,
GW/03351,,,,,,Feb-32,,,,,,,,,,
GW/03235,,,,,,Mar-32,,,,,,,,,,
GW/03440,,,,,,Mar-32,,,,,,,,,,
GW/04172,,,,,,Mar-32,,,,,,,,,,
GW/04166,,,,,,Mar-32,,,,,,,,,,
GW/04145,,,,,,Mar-32,,,,,,,,,,
GW/03321,,,,,,Mar-32,,,,,,,,,,
GW/03932,,,,,,Apr-32,,,,,,,,,,
GW/03845,,,,,,Apr-32,,,,,,,,,,
GW/03924,,,,,,Apr-32,,,,,,,,,,
GW/04109,,,,,,Apr-32,,,,,,,,,,
PE/00927,,,,,,Apr-32,,,,,,,,,,
TY/10200,,,,,,Apr-32,,,,,,,,,,
GW/03970,,,,,,Apr-32,,,,,,,,,,
GW/04072,,,,,,Apr-32,,,,,,,,,,
GW/04263,,,,,,Apr-32,,,,,,,,,,
GW/04102,,,,,,May-32,,,,,,,,,,
GW/03968,,,,,,May-32,,,,,,,,,,
GW/04002,,,,,,May-32,,,,,,,,,,
GW/04187,,,,,,May-32,,,,,,,,,,
HC/12370,,,,,,May-32,,,,,,,,,,
GW/03981,,,,,,May-32,,,,,,,,,,
GW/04039,,,,,,May-32,,,,,,,,,,
GW/04100,,,,,,May-32,,,,,,,,,,
GW/04317,,,,,,May-32,,,,,,,,,,
PE/00895,,,,,,May-32,,,,,,,,,,
GW/07132,,,,,,May-32,,,,,,,,,,
GW/04129,,,,,,Jun-32,,,,,,,,,,
GW/04110,,,,,,Jun-32,,,,,,,,,,
GW/04176,,,,,,Jun-32,,,,,,,,,,
GW/04135,,,,,,Jun-32,,,,,,,,,,
GW/03754,,,,,,Jun-32,,,,,,,,,,
GW/04225,,,,,,Jun-32,,,,,,,,,,
GP/00416,,,,,,Jun-32,,,,,,,,,,
GW/04366,,,,,,Jul-32,,,,,,,,,,
GW/04383,,,,,,Jul-32,,,,,,,,,,
GW/04252,,,,,,Jul-32,,,,,,,,,,
GW/03458,,,,,,Jul-32,,,,,,,,,,
GW/04251,,,,,,Jul-32,,,,,,,,,,
GW/04217,,,,,,Jul-32,,,,,,,,,,
GW/04045,,,,,,Jul-32,,,,,,,,,,
GW/04130,,,,,,Jul-32,,,,,,,,,,
GW/04442,,,,,,Aug-32,,,,,,,,,,
GW/04413,,,,,,Aug-32,,,,,,,,,,
GW/04343,,,,,,Aug-32,,,,,,,,,,
GW/03417,,,,,,Aug-32,,,,,,,,,,
GW/03557,,,,,,Aug-32,,,,,,,,,,
GW/04272,,,,,,Aug-32,,,,,,,,,,
GW/04333,,,,,,Sep-32,,,,,,,,,,
GW/03126,,,,,,Sep-32,,,,,,,,,,
GW/04210,,,,,,Sep-32,,,,,,,,,,
GW/03964,,,,,,Sep-32,,,,,,,,,,
GW/04078,,,,,,Sep-32,,,,,,,,,,
GW/07439,,,,,,Sep-32,,,,,,,,,,
GW/04264,,,,,,Oct-32,,,,,,,,,,
GW/04377,,,,,,Oct-32,,,,,,,,,,
GW/04242,,,,,,Oct-32,,,,,,,,,,
GW/04228,,,,,,Oct-32,,,,,,,,,,
GW/04409,,,,,,Oct-32,,,,,,,,,,
GW/04396,,,,,,Oct-32,,,,,,,,,,
BB/01687,,,,,,Oct-32,,,,,,,,,,
GW/03185,,,,,,Oct-32,Read only access on ARIA,,,,,,,,,
GW/04911,,,,,,Oct-32,,,,,,,,,,
GW/02383,,,,,,Oct-32,,,,,,,,,,
GW/04493,,,,,,Oct-32,,,,,,,,,,
GW/04208,,,,,,Oct-32,,,,,,,,,,
GP/00413,,,,,,Oct-32,,,,,,,,,,
GW/04405,,,,,,Nov-32,,,,,,,,,,
GW/04431,,,,,,Nov-32,,,,,,,,,,
GW/02790,,,,,,Nov-32,,,,,,,,,,
GW/04447,,,,,,Nov-32,,,,,,,,,,
GW/03877,,,,,,Nov-32,,,,,,,,,,
GW/04425,,,,,,Nov-32,,,,,,,,,,
GW/04399,,,,,,Nov-32,,,,,,,,,,
GW/00157,,,,,,Nov-32,,,,,,,,,,
GW/02971,,,,,,Nov-32,,,,,,,,,,
GW/07281,,,,,,Nov-32,,,,,,,,,,
GW/04509,,,,,,Dec-32,,,,,,,,,,
GW/04226,,,,,,Dec-32,,,,,,,,,,
GW/04470,,,,,,Dec-32,,,,,,,,,,
GW/03937,,,,,,Jan-33,,,,,,,,,,
GW/01241,,,,,,Jan-33,,,,,,,,,,
GW/04423,,,,,,Jan-33,,,,,,,,,,
GW/04516,,,,,,Jan-33,,,,,,,,,,
GW/04434,,,,,,Jan-33,,,,,,,,,,
GW/04400,,,,,,Jan-33,,,,,,,,,,
GW/04120,,,,,,Jan-33,,,,,,,,,,
BW/00005,,,,,,Jan-33,,,,,,,,,,
GW/04417,,,,,,Jan-33,,,,,,,,,,
GW/04522,,,,,,Jan-33,,,,,,,,,,
GW/04282,,,,,,Jan-33,,,,,,,,,,
GW/04651,,,,,,Feb-33,,,,,,,,,,
GW/04527,,,,,,Feb-33,,,,,,,,,,
GW/04534,,,,,,Feb-33,,,,,,,,,,
GW/04406,,,,,,Feb-33,,,,,,,,,,
GP/00091,,,,,,Mar-33,,,,,,,,,,
GW/04452,,,,,,Mar-33,,,,,,,,,,
GW/04370,,,,,,Mar-33,,,,,,,,,,
GW/04653,,,,,,Mar-33,,,,,,,,,,
GW/04482,,,,,,Mar-33,,,,,,,,,,
GW/03608,,,,,,Mar-33,,,,,,,,,,
GW/04250,,,,,,Mar-33,,,,,,,,,,
GW/04298,,,,,,Mar-33,,,,,,,,,,
GW/04574,,,,,,Mar-33,,,,,,,,,,
GW/04591,,,,,,Mar-33,,,,,,,,,,
GW/04499,,,,,,Mar-33,,,,,,,,,,
BH/05141,,,,,,Mar-33,,,,,,,,,,
GW/03833,,,,,,Apr-33,,,,,,,,,,
GW/02478,,,,,,Apr-33,,,,,,,,,,
GW/04603,,,,,,Apr-33,,,,,,,,,,
GW/04407,,,,,,Apr-33,,,,,,,,,,
GW/04661,,,,,,Apr-33,,,,,,,,,,
GW/04564,,,,,,Apr-33,,,,,,,,,,
GW/04635,,,,,,Apr-33,,,,,,,,,,
GW/04615,,,,,,Apr-33,,,,,,,,,,
GW/04598,,,,,,Apr-33,,,,,,,,,,
GW/04520,,,,,,Apr-33,,,,,,,,,,
GW/04624,,,,,,May-33,,,,,,,,,,
GW/04669,,,,,,May-33,,,,,,,,,,
GW/04671,,,,,,May-33,,,,,,,,,,
GW/04656,,,,,,May-33,,,,,,,,,,
TY/07355,,,,,,May-33,,,,,,,,,,
TY/14034,,,,,,May-33,,,,,,,,,,
GW/04558,,,,,,May-33,,,,,,,,,,
GW/04759,,,,,,May-33,,,,,,,,,,
GW/04560,,,,,,Jun-33,,,,,,,,,,
GW/04077,,,,,,Jun-33,,,,,,,,,,
GW/04708,,,,,,Jun-33,,,,,,,,,,
GW/04372,,,,,,Jun-33,,,,,,,,,,
GW/04471,,,,,,Jun-33,,,,,,,,,,
GW/04596,,,,,,Jun-33,,,,,,,,,,
GW/04659,,,,,,Jun-33,,,,,,,,,,
GW/03976,,,,,,Jun-33,,,,,,,,,,
BH/05333,,,,,,Jun-33,,,,,,,,,,
GW/07396,,,,,,Jun-33,,,,,,,,,,
PE/01202,,,,,,Jul-33,,,,,,,,,,
GW/04576,,,,,,Jul-33,,,,,,,,,,
GW/04476,,,,,,Jul-33,,,,,,,,,,
GP/00372,,,,,,Jul-33,,,,,,,,,,
GW/04816,,,,,,Aug-33,,,,,,,,,,
GW/04650,,,,,,Aug-33,,,,,,,,,,
GW/04831,,,,,,Aug-33,,,,,,,,,,
GW/04007,,,,,,Aug-33,,,,,,,,,,
GW/04535,,,,,,Aug-33,,,,,,,,,,
PE/01132,,,,,,Aug-33,,,,,,,,,,
GW/04797,,,,,,Aug-33,,,,,,,,,,
GW/04088,,,,,,Sep-33,,,,,,,,,,
GW/04982,,,,,,Sep-33,,,,,,,,,,
HC/13927,,,,,,Sep-33,,,,,,,,,,
GW/04820,,,,,,Sep-33,,,,,,,,,,
GW/04523,,,,,,Sep-33,,,,,,,,,,
GW/04778,,,,,,Sep-33,,,,,,,,,,
GW/04728,,,,,,Sep-33,,,,,,,,,,
GW/04926,,,,,,Sep-33,,,,,,,,,,
GW/04971,,,,,,Sep-33,,,,,,,,,,
GW/04877,,,,,,Sep-33,,,,,,,,,,
GW/04597,,,,,,Sep-33,,,,,,,,,,
GW/04900,,,,,,Sep-33,,,,,,,,,,
GW/00179,,,,,,Oct-33,,,,,,,,,,
GW/04177,,,,,,Oct-33,,,,,,,,,,
GW/04870,,,,,,Oct-33,,,,,,,,,,
GW/05020,,,,,,Oct-33,,,,,,,,,,
GW/04726,,,,,,Oct-33,,,,,,,,,,
GW/04678,,,,,,Oct-33,,,,,,,,,,
GW/05008,,,,,,Oct-33,,,,,,,,,,
GW/05046,,,,,,Oct-33,,,,,,,,,,
GW/04723,,,,,,Oct-33,,,,,,,,,,
GW/04436,,,,,,Oct-33,,,,,,,,,,
GW/05007,,,,,,Oct-33,,,,,,,,,,
GW/04912,,,,,,Oct-33,,,,,,,,,,
GW/04545,,,,,,Nov-33,,,,,,,,,,
GW/04600,,,,,,Nov-33,,,,,,,,,,
TY/15345,,,,,,Nov-33,,,,,,,,,,
GW/04779,,,,,,Nov-33,,,,,,,,,,
GW/04151,,,,,,Nov-33,,,,,,,,,,
BH/02638,,,,,,Nov-33,,,,,,,,,,
GW/04868,,,,,,Dec-33,,,,,,,,,,
GW/04689,,,,,,Dec-33,,,,,,,,,,
GW/01860,,,,,,Dec-33,,,,,,,,,,
GW/05118,,,,,,Dec-33,,,,,,,,,,
GW/04910,,,,,,Dec-33,,,,,,,,,,
GW/05149,,,,,,Dec-33,,,,,,,,,,
HC/06922,,,,,,Dec-33,,,,,,,,,,
GW/04677,,,,,,Jan-34,,,,,,,,,,
GW/05177,,,,,,Jan-34,,,,,,,,,,
GW/04946,,,,,,Jan-34,,,,,,,,,,
GW/04342,,,,,,Jan-34,,,,,,,,,,
GW/05158,,,,,,Jan-34,,,,,,,,,,
GW/07244,,,,,,Jan-34,,,,,,,,,,
GW/04488,,,,,,Feb-34,,,,,,,,,,
GW/05041,,,,,,Feb-34,,,,,,,,,,
GW/05095,,,,,,Feb-34,,,,,,,,,,
GW/05099,,,,,,Feb-34,,,,,,,,,,
GW/05096,,,,,,Feb-34,,,,,,,,,,
GW/05098,,,,,,Feb-34,,,,,,,,,,
GW/05127,,,,,,Feb-34,,,,,,,,,,
GW/05037,,,,,,Feb-34,,,,,,,,,,
GW/05071,,,,,,Feb-34,,,,,,,,,,
GW/05182,,,,,,Feb-34,,,,,,,,,,
GW/05017,,,,,,Mar-34,,,,,,,,,,
GW/05162,,,,,,Mar-34,,,,,,,,,,
GW/04764,,,,,,Mar-34,,,,,,,,,,
GW/05243,,,,,,Mar-34,,,,,,,,,,
GW/04987,,,,,,Mar-34,,,,,,,,,,
GW/04259,,,,,,Mar-34,,,,,,,,,,
GW/04756,,,,,,Mar-34,,,,,,,,,,
GW/05258,,,,,,Mar-34,,,,,,,,,,
GW/04113,,,,,,Mar-34,,,,,,,,,,
CH/02651,,,,,,Mar-34,,,,,,,,,,
GW/04964,,,,,,Mar-34,,,,,,,,,,
HT/02356,,,,,,Apr-34,,,,,,,,,,
GW/04657,,,,,,Apr-34,,,,,,,,,,
GW/05143,,,,,,Apr-34,,,,,,,,,,
GW/05146,,,,,,Apr-34,,,,,,,,,,
GW/04424,,,,,,Apr-34,,,,,,,,,,
GW/04632,,,,,,Apr-34,,,,,,,,,,
GW/05199,,,,,,Apr-34,,,,,,,,,,
HT/01916,,,,,,Apr-34,,,,,,,,,,
GW/05273,,,,,,Apr-34,,,,,,,,,,
GW/05114,,,,,,May-34,,,,,,,,,,
GW/05204,,,,,,May-34,,,,,,,,,,
GW/05268,,,,,,May-34,,,,,,,,,,
GW/05102,,,,,,May-34,,,,,,,,,,
GW/05111,,,,,,May-34,,,,,,,,,,
GW/05190,,,,,,May-34,,,,,,,,,,
GW/05189,,,,,,May-34,,,,,,,,,,
GW/05211,,,,,,May-34,,,,,,,,,,
GW/05124,,,,,,May-34,,,,,,,,,,
GW/04809,,,,,,Jun-34,,,,,,,,,,
GW/05210,,,,,,Jun-34,,,,,,,,,,
GW/05087,,,,,,Jun-34,,,,,,,,,,
GW/05097,,,,,,Jun-34,,,,,,,,,,
GW/05218,,,,,,Jun-34,,,,,,,,,,
GW/05388,,,,,,Jun-34,,,,,,,,,,
GW/05085,,,,,,Jul-34,,,,,,,,,,
GW/05202,,,,,,Jul-34,,,,,,,,,,
GW/05304,,,,,,Aug-34,,,,,,,,,,
GW/05299,,,,,,Aug-34,,,,,,,,,,
GW/04508,,,,,,Aug-34,,,,,,,,,,
GW/04189,,,,,,Sep-34,,,,,,,,,,
GW/05362,,,,,,Sep-34,,,,,,,,,,
GW/05447,,,,,,Sep-34,,,,,,,,,,
GW/05139,,,,,,Sep-34,,,,,,,,,,
GW/05320,,,,,,Sep-34,,,,,,,,,,
GW/04202,,,,,,Oct-34,,,,,,,,,,
GW/05224,,,,,,Oct-34,,,,,,,,,,
GW/05548,,,,,,Oct-34,,,,,,,,,,
GW/04602,,,,,,Oct-34,,,,,,,,,,
GW/05237,,,,,,Oct-34,,,,,,,,,,
GW/05537,,,,,,Oct-34,,,,,,,,,,
GW/04131,,,,,,Oct-34,,,,,,,,,,
GW/05206,,,,,,Nov-34,,,,,,,,,,
GW/05565,,,,,,Nov-34,,,,,,,,,,
PE/01017,,,,,,Nov-34,,,,,,,,,,
GW/05449,,,,,,Dec-34,,,,,,,,,,
GW/05570,,,,,,Dec-34,,,,,,,,,,
GW/05466,,,,,,Dec-34,,,,,,,,,,
GW/05353,,,,,,Dec-34,,,,,,,,,,
GW/05501,,,,,,Dec-34,,,,,,,,,,
GW/05518,,,,,,Dec-34,,,,,,,,,,
GW/05509,,,,,,Dec-34,,,,,,,,,,
GW/05402,,,,,,Jan-35,,,,,,,,,,
GW/05563,,,,,,Jan-35,,,,,,,,,,
GW/05106,,,,,,Jan-35,,,,,,,,,,
GW/04745,,,,,,Jan-35,,,,,,,,,,
GW/05279,,,,,,Jan-35,,,,,,,,,,
GW/05618,,,,,,Jan-35,,,,,,,,,,
GW/05398,,,,,,Jan-35,,,,,,,,,,
GW/05350,,,,,,Feb-35,,,,,,,,,,
GW/05471,,,,,,Feb-35,,,,,,,,,,
GW/05499,,,,,,Mar-35,,,,,,,,,,
GW/05365,,,,,,Mar-35,,,,,,,,,,
GW/05142,,,,,,Mar-35,,,,,,,,,,
GW/05443,,,,,,Mar-35,,,,,,,,,,
GW/05384,,,,,,Mar-35,,,,,,,,,,
GW/05741,,,,,,Mar-35,,,,,,,,,,
GW/05724,,,,,,Mar-35,,,,,,,,,,
GW/05205,,,,,,Apr-35,,,,,,,,,,
GW/05760,,,,,,Apr-35,,,,,,,,,,
GW/05783,,,,,,Apr-35,,,,,,,,,,
GW/05738,,,,,,May-25,,,,,,,,,,
GW/05568,,,,,,May-35,,,,,,,,,,
GW/04504,,,,,,May-35,,,,,,,,,,
GW/03917,,,,,,May-35,,,,,,,,,,
GW/05580,,,,,,May-35,,,,,,,,,,
PE/01182,,,,,,May-35,,,,,,,,,,
GW/05821,,,,,,May-35,,,,,,,,,,
GW/05651,,,,,,May-35,,,,,,,,,,
GW/05802,,,,,,Jun-35,,,,,,,,,,
GW/05457,,,,,,Jun-35,,,,,,,,,,
GW/05833,,,,,,Jun-35,,,,,,,,,,
GW/05778,,,,,,Jun-35,,,,,,,,,,
GW/05693,,,,,,Jun-35,,,,,,,,,,
GW/03120,,,,,,Jun-35,,,,,,,,,,
GW/05758,,,,,,Jun-35,,,,,,,,,,
GW/05749,,,,,,Jun-35,,,,,,,,,,
GW/05515,,,,,,Jun-35,,,,,,,,,,
GW/04428,,,,,,Jun-35,,,,,,,,,,
GW/03307,,,,,,Jul-35,,,,,,,,,,
GW/04744,,,,,,Jul-35,,,,,,,,,,
GW/04885,,,,,,Jul-35,,,,,,,,,,
GW/05572,,,,,,Jul-35,,,,,,,,,,
GW/05610,,,,,,Jul-35,,,,,,,,,,
GW/05662,,,,,,Jul-35,,,,,,,,,,
GW/05453,,,,,,Jul-35,,,,,,,,,,
TY/15701,,,,,,Jul-35,,,,,,,,,,
GW/05955,,,,,,Aug-35,,,,,,,,,,
HT/03422,,,,,,Aug-35,,,,,,,,,,
GW/05356,,,,,,Aug-35,,,,,,,,,,
GW/05873,,,,,,Aug-35,,,,,,,,,,
HT/03172,,,,,,Aug-35,,,,,,,,,,
GW/05419,,,,,,Aug-35,,,,,,,,,,
GW/05133,,,,,,Aug-35,,,,,,,,,,
GW/05594,,,,,,Aug-35,,,,,,,,,,
PE/01547,,,,,,Sep-35,,,,,,,,,,
GW/05999,,,,,,Sep-35,,,,,,,,,,
GW/05901,,,,,,Sep-35,,,,,,,,,,
GW/05934,,,,,,Sep-35,,,,,,,,,,
GW/04948,,,,,,Sep-35,,,,,,,,,,
GW/05755,,,,,,Sep-35,,,,,,,,,,
GW/05764,,,,,,Sep-35,,,,,,,,,,
GW/05530,,,,,,Sep-35,,,,,,,,,,
GW/05757,,,,,,Sep-35,,,,,,,,,,
PE/01007,,,,,,Sep-35,,,,,,,,,,
GW/05678,,,,,,Sep-35,,,,,,,,,,
GW/05617,,,,,,Sep-35,,,,,,,,,,
GW/05752,,,,,,Oct-35,,,,,,,,,,
GW/05847,,,,,,Oct-35,,,,,,,,,,
GW/05357,,,,,,Oct-35,,,,,,,,,,
GW/05837,,,,,,Oct-35,,,,,,,,,,
GW/06067,,,,,,Oct-35,,,,,,,,,,
GW/05844,,,,,,Oct-35,,,,,,,,,,
GW/05699,,,,,,Oct-35,,,,,,,,,,
GW/05987,,,,,,Oct-35,,,,,,,,,,
PE/01405,,,,,,Oct-35,,,,,,,,,,
GW/04521,,,,,,Oct-35,,,,,,,,,,
GW/06057,,,,,,Nov-35,,,,,,,,,,
GW/05834,,,,,,Nov-35,,,,,,,,,,
GW/05322,,,,,,Nov-35,,,,,,,,,,
GW/05933,,,,,,Nov-35,,,,,,,,,,
GW/04521,,,,,,Nov-35,,,,,,,,,,
HC/17482,,,,,,Nov-35,,,,,,,,,,
GW/06061,,,,,,Dec-35,,,,,,,,,,
HC/17810,,,,,,Dec-35,,,,,,,,,,
GW/05936,,,,,,Dec-35,,,,,,,,,,
GW/06002,,,,,,Dec-35,,,,,,,,,,
GW/05927,,,,,,Jan-36,,,,,,,,,,
GW/06048,,,,,,Jan-36,,,,,,,,,,
GW/06007,,,,,,Jan-36,,,,,,,,,,
GW/05876,,,,,,Jan-36,,,,,,,,,,
GW/05951,,,,,,Jan-36,,,,,,,,,,
GW/06010,,,,,,Jan-36,,,,,,,,,,
GW/06018,,,,,,Jan-36,,,,,,,,,,
GW/06085,,,,,,Jan-36,,,,,,,,,,
GW/05736,,,,,,Jan-36,,,,,,,,,,
GW/06063,,,,,,Feb-36,,,,,,,,,,
GW/05921,,,,,,Feb-36,,,,,,,,,,
BH/05989,,,,,,Feb-36,,,,,,,,,,
GW/06060,,,,,,Feb-36,,,,,,,,,,
GW/06074,,,,,,Feb-36,,,,,,,,,,
GW/06042,,,,,,Feb-36,,,,,,,,,,
GW/04432,,,,,,Feb-36,,,,,,,,,,
GW/04610,,,,,,Mar-36,,,,,,,,,,
GW/06123,,,,,,Mar-36,,,,,,,,,,
GW/06204,,,,,,Mar-36,,,,,,,,,,
GW/05768,,,,,,Mar-36,,,,,,,,,,
GW/06194,,,,,,Mar-36,,,,,,,,,,
GW/04806,,,,,,Apr-36,,,,,,,,,,
GW/04806,,,,,,Apr-36,,,,,,,,,,
GW/06145,,,,,,Apr-36,,,,,,,,,,
GW/05200,,,,,,Apr-36,,,,,,,,,,
GW/04908,,,,,,Apr-36,,,,,,,,,,
GW/04808,,,,,,Apr-36,,,,,,,,,,
GW/05589,,,,,,Apr-36,,,,,,,,,,
GW/05682,,,,,,May-36,,,,,,,,,,
GW/06143,,,,,,May-36,,,,,,,,,,
GW/05953,,,,,,May-36,,,,,,,,,,
GW/06159,,,,,,May-36,,,,,,,,,,
GW/05918,,,,,,May-36,,,,,,,,,,
GW/05589,,,,,,May-36,,,,,,,,,,
GW/05956,,,,,,Jun-36,,,,,,,,,,
GW/06110,,,,,,Jun-36,,,,,,,,,,
GW/05797,,,,,,Jun-36,,,,,,,,,,
GW/01291,,,,,,Jun-36,,,,,,,,,,
GW/05809,,,,,,Jun-36,,,,,,,,,,
GW/05952,,,,,,Jun-36,,,,,,,,,,
GW/05500,,,,,,Jun-36,,,,,,,,,,
GW/06001,,,,,,Jun-36,,,,,,,,,,
GW/06203,,,,,,Jun-36,,,,,,,,,,
GW/05958,,,,,,Jun-36,,,,,,,,,,
GW/06195,,,,,,Jun-36,,,,,,,,,,
GW/06035,,,,,,Jul-36,,,,,,,,,,
GW/06021,,,,,,Jul-36,,,,,,,,,,
GW/05436,,,,,,Jul-36,,,,,,,,,,
GW/05904,,,,,,Jul-36,,,,,,,,,,
GW/06233,,,,,,Jul-36,,,,,,,,,,
TY/04672,,,,,,Jul-36,,,,,,,,,,
GW/05207,,,,,,Aug-36,,,,,,,,,,
GW/06179,,,,,,Aug-36,,,,,,,,,,
GW/06158,,,,,,Aug-36,,,,,,,,,,
GW/06045,,,,,,Aug-36,,,,,,,,,,
GW/05849,,,,,,Aug-36,,,,,,,,,,
GW/06147,,,,,,Aug-36,,,,,,,,,,
GW/06281,,,,,,Sep-36,,,,,,,,,,
NS/00060,,,,,,Sep-36,,,,,,,,,,
GW/05175,,,,,,Oct-36,,,,,,,,,,
GW/06220,,,,,,Oct-36,,,,,,,,,,
HT/03893,,,,,,Oct-36,,,,,,,,,,
GW/05986,,,,,,Oct-36,,,,,,,,,,
GW/05247,,,,,,Oct-36,,,,,,,,,,
GW/05947,,,,,,Oct-36,,,,,,,,,,
GW/06171,,,,,,Oct-36,,,,,,,,,,
GW/05720,,,,,,Oct-36,,,,,,,,,,
GW/06218,,,,,,Oct-36,,,,,,,,,,
GW/05900,,,,,,Oct-36,,,,,,,,,,
GW/05964,,,,,,Oct-36,,,,,,,,,,
GW/05872,,,,,,Oct-36,,,,,,,,,,
GW/05623,,,,,,Nov-36,,,,,,,,,,
GW/04474,,,,,,Nov-36,,,,,,,,,,
GW/06103,,,,,,Nov-36,,,,,,,,,,
GW/06008,,,,,,Nov-36,,,,,,,,,,
GW/06169,,,,,,Nov-36,,,,,,,,,,
GW/05622,,,,,,Nov-36,,,,,,,,,,
GW/06353,,,,,,Dec-36,,,,,,,,,,
HC/17798,,,,,,Dec-36,,,,,,,,,,
GW/05470,,,,,,Dec-36,,,,,,,,,,
GW/06398,,,,,,Dec-36,,,,,,,,,,
GW/06366,,,,,,Dec-36,,,,,,,,,,
TY/20082,,,,,,Dec-36,,,,,,,,,,
GW/06295,,,,,,Dec-36,,,,,,,,,,
GW/06073,,,,,,Dec-36,,,,,,,,,,
GW/06302,,,,,,Dec-36,,,,,,,,,,
TY/07295,,,,,,Dec-36,,,,,,,,,,
GW/05267,,,,,,Dec-36,,,,,,,,,,
GW/06299,,,,,,Dec-36,,,,,,,,,,
GW/06287,,,,,,Dec-36,,,,,,,,,,
GW/06305,,,,,,Dec-36,,,,,,,,,,
GW/06072,,,,,,Dec-36,,,,,,,,,,
GW/05416,,,,,,Dec-36,,,,,,,,,,
GW/06314,,,,,,Dec-36,,,,,,,,,,
GW/05009,,,,,,Dec-36,,,,,,,,,,
GW/05892,,,,,,Dec-36,,,,,,,,,,
GW/05767,,,,,,Jan-37,,,,,,,,,,
GW/05712,,,,,,Jan-37,,,,,,,,,,
HC/18721,,,,,,Jan-37,,,,,,,,,,
GW/06393,,,,,,Jan-37,,,,,,,,,,
GW/06304,,,,,,Jan-37,,,,,,,,,,
GW/06539,,,,,,Jan-37,,,,,,,,,,
PE/01480,,,,,,Jan-37,,,,,,,,,,
GW/06415,,,,,,Jan-37,,,,,,,,,,
BH/06758,,,,,,Jan-37,,,,,,,,,,
GW/06367,,,,,,Jan-37,,,,,,,,,,
GW/05924,,,,,,Jan-37,,,,,,,,,,
GW/06401,,,,,,Feb-37,,,,,,,,,,
GW/06419,,,,,,Feb-37,,,,,,,,,,
GW/06423,,,,,,Feb-37,,,,,,,,,,
GW/06384,,,,,,Feb-37,,,,,,,,,,
GW/06403,,,,,,Feb-37,,,,,,,,,,
GW/06352,,,,,,Mar-37,,,,,,,,,,
GW/06510,,,,,,Mar-37,,,,,,,,,,
GW/06470,,,,,,Mar-37,,,,,,,,,,
GW/04249,,,,,,Mar-37,,,,,,,,,,
GW/06445,,,,,,Mar-37,,,,,,,,,,
GW/06409,,,,,,Mar-37,,,,,,,,,,
GW/06161,,,,,,Mar-37,,,,,,,,,,
GW/06452,,,,,,Mar-37,,,,,,,,,,
GW/06455,,,,,,Mar-37,,,,,,,,,,
GW/05222,,,,,,Mar-37,,,,,,,,,,
GW/06454,,,,,,Mar-37,,,,,,,,,,
GW/06448,,,,,,Mar-37,,,,,,,,,,
GW/06466,,,,,,Mar-37,,,,,,,,,,
BH/07205,,,,,,Apr-37,,,,,,,,,,
BH/07206,,,,,,Apr-37,,,,,,,,,,
GW/06489,,,,,,Apr-37,,,,,,,,,,
GW/06541,,,,,,Apr-37,,,,,,,,,,
GW/06442,,,,,,Apr-37,,,,,,,,,,
GW/06197,,,,,,Apr-37,,,,,,,,,,
GW/06446,,,,,,Apr-37,,,,,,,,,,
GW/05475,,,,,,Apr-37,,,,,,,,,,
GW/06492,,,,,,Apr-37,,,,,,,,,,
GW/06397,,,,,,Apr-37,,,,,,,,,,
GW/06478,,,,,,Apr-37,,,,,,,,,,
GW/06549,,,,,,May-37,,,,,,,,,,
GW/06548,,,,,,May-37,,,,,,,,,,
GW/04331,,,,,,May-37,,,,,,,,,,
GW/06496,,,,,,May-37,,,,,,,,,,
GW/06551,,,,,,May-37,,,,,,,,,,
GW/06187,,,,,,May-37,,,,,,,,,,
BW/00004,,,,,,Jun-37,,,,,,,,,,
GW/06558,,,,,,Jun-37,,,,,,,,,,
GW/06532,,,,,,Jun-37,,,,,,,,,,
GW/06519,,,,,,Jun-37,,,,,,,,,,
GW/06509,,,,,,Jun-37,,,,,,,,,,
GW/05270,,,,,,Jun-37,,,,,,,,,,
GW/06485,,,,,,Jun-37,,,,,,,,,,
GW/06651,,,,,,Jun-37,,,,,,,,,,
GW/05481,,,,,,Jul-37,,,,,,,,,,
PE/02083,,,,,,Jul-37,,,,,,,,,,
GW/06517,,,,,,Jul-37,,,,,,,,,,
GW/06579,,,,,,Jul-37,,,,,,,,,,
GW/06275,,,,,,Jul-37,,,,,,,,,,
GW/06623,,,,,,Jul-37,,,,,,,,,,
GW/06585,,,,,,Jul-37,,,,,,,,,,
GW/04644,,,,,,Jul-37,,,,,,,,,,
GW/06593,,,,,,Jul-37,,,,,,,,,,
GW/06358,,,,,,Jul-37,,,,,,,,,,
GW/06358,,,,,,Jul-37,,,,,,,,,,
GW/06692,,,,,,Jul-37,,,,,,,,,,
GW/06583,,,,,,Jul-37,,,,,,,,,,
GW/06592,,,,,,Jul-37,,,,,,,,,,
GW/06672,,,,,,Jul-37,,,,,,,,,,
GW/05313,,,,,,Jul-37,,,,,,,,,,
GW/06271,,,,,,Jul-37,,,,,,,,,,
GW/06546,,,,,,Jul-37,,,,,,,,,,
GW/06688,,,,,,Aug-37,,,,,,,,,,
TY/15936,,,,,,Aug-37,,,,,,,,,,
GW/06006,,,,,,Aug-37,,,,,,,,,,
GW/02036,,,,,,Aug-37,,,,,,,,,,
GW/06602,,,,,,Aug-37,,,,,,,,,,
GW/06632,,,,,,Aug-37,,,,,,,,,,
GW/06528,,,,,,Aug-37,,,,,,,,,,
PE/01729,,,,,,Aug-37,,,,,,,,,,
GW/06687,,,,,,Aug-37,,,,,,,,,,
GW/06533,,,,,,Aug-37,,,,,,,,,,
GW/06301,,,,,,Aug-37,,,,,,,,,,
PE/01379,,,,,,Aug-37,,,,,,,,,,
GW/06708,,,,,,Aug-37,,,,,,,,,,
GW/06576,,,,,,Aug-37,,,,,,,,,,
GW/05912,,,,,,Sep-37,,,,,,,,,,
GW/06807,,,,,,Sep-37,,,,,,,,,,
GW/05628,,,,,,Sep-37,,,,,,,,,,
GW/06611,,,,,,Sep-37,,,,,,,,,,
GW/06774,,,,,,Sep-37,,,,,,,,,,
GW/06677,,,,,,Sep-37,,,,,,,,,,
GW/05743,,,,,,Oct-37,,,,,,,,,,
GW/06822,,,,,,Oct-37,,,,,,,,,,
GW/05997,,,,,,Nov-37,,,,,,,,,,
GW/06721,,,,,,Nov-37,,,,,,,,,,
GW/06706,,,,,,Nov-37,,,,,,,,,,
GW/06605,,,,,,Nov-37,,,,,,,,,,
GW/06600,,,,,,Nov-37,,,,,,,,,,
GW/06628,,,,,,Nov-37,,,,,,,,,,
GW/06726,,,,,,Nov-37,,,,,,,,,,
GW/06598,,,,,,Nov-37,,,,,,,,,,
GW/06626,,,,,,Nov-37,,,,,,,,,,
GW/06439,,,,,,Nov-37,,,,,,,,,,
GW/06892,,,,,,Nov-37,,,,,,,,,,
GW/06676,,,,,,Nov-37,,,,,,,,,,
GW/06771,,,,,,Nov-37,,,,,,,,,,
GW/06727,,,,,,Nov-37,,,,,,,,,,
GW/06739,,,,,,Nov-37,,,,,,,,,,
GW/06182,,,,,,Dec-37,,,,,,,,,,
GW/06753,,,,,,Dec-37,,,,,,,,,,
GW/06723,,,,,,Dec-37,,,,,,,,,,
GW/06186,,,,,,Dec-37,,,,,,,,,,
GW/06359,,,,,,Dec-37,,,,,,,,,,
GW/04319,,,,,,Jan-38,,,,,,,,,,
GW/06801,,,,,,Jan-38,,,,,,,,,,
GW/06698,,,,,,Jan-38,,,,,,,,,,
GW/06784,,,,,,Jan-38,,,,,,,,,,
GW/06720,,,,,,Jan-38,,,,,,,,,,
GW/06738,,,,,,Jan-38,,,,,,,,,,
GW/06921,,,,,,Jan-38,,,,,,,,,,
GW/06922,,,,,,Jan-38,,,,,,,,,,
GW/06923,,,,,,Jan-38,,,,,,,,,,
GW/06747,,,,,,Jan-38,,,,,,,,,,
GW/06898,,,,,,Jan-38,,,,,,,,,,
GW/06594,,,,,,Jan-38,,,,,,,,,,
GW/05819,,,,,,Jan-38,,,,,,,,,,
GW/06882,,,,,,Jan-38,,,,,,,,,,
GW/06202,,,,,,Jan-38,,,,,,,,,,
GW/06826,,,,,,Feb-38,,,,,,,,,,
GW/06787,,,,,,Feb-38,,,,,,,,,,
GW/06907,,,,,,Feb-38,,,,,,,,,,
GW/06848,,,,,,Feb-38,,,,,,,,,,
GW/06831,,,,,,Feb-38,,,,,,,,,,
GW/06613,,,,,,Feb-38,,,,,,,,,,
GW/06614,,,,,,Feb-38,,,,,,,,,,
PE/01727,,,,,,Feb-38,,,,,,,,,,
GW/06716,,,,,,Feb-38,,,,,,,,,,
GW/05201,,,,,,Feb-38,,,,,,,,,,
GW/06927,,,,,,Feb-38,,,,,,,,,,
GW/05575,,,,,,Feb-38,,,,,,,,,,
GW/06816,,,,,,Feb-38,,,,,,,,,,
GW/06841,,,,,,Feb-38,,,,,,,,,,
PE/01729,,,,,,Feb-38,,,,,,,,,,
GW/06767,,,,,,Feb-38,,,,,,,,,,
GW/06931,,,,,,Feb-38,,,,,,,,,,
GW/04313,,,,,,Feb-38,,,,,,,,,,
GW/06911,,,,,,Feb-38,,,,,,,,,,
GW/06483,,,,,,Mar-38,,,,,,,,,,
GW/06866,,,,,,Mar-38,,,,,,,,,,
GW/06916,,,,,,Mar-38,,,,,,,,,,
GW/06795,,,,,,Mar-38,,,,,,,,,,
GW/06749,,,,,,Mar-38,,,,,,,,,,
GW/06915,,,,,,Mar-38,,,,,,,,,,
GW/06914,,,,,,Mar-38,,,,,,,,,,
GW/06874,,,,,,Mar-38,,,,,,,,,,
GW/06855,,,,,,Mar-38,,,,,,,,,,
GW/06852,,,,,,Mar-38,,,,,,,,,,
HT/05297,,,,,,Mar-38,,,,,,,,,,
GW/06657,,,,,,Mar-38,,,,,,,,,,
GW/05676,,,,,,Mar-38,,,,,,,,,,
GW/06745,,,,,,Mar-38,,,,,,,,,,
GW/06875,,,,,,Mar-38,,,,,,,,,,
GW/06868,,,,,,Mar-38,,,,,,,,,,
GW/06870,,,,,,Mar-38,,,,,,,,,,
GW/06859,,,,,,Mar-38,,,,,,,,,,
GW/06883,,,,,,Mar-38,,,,,,,,,,
GW/06906,,,,,,Mar-38,,,,,,,,,,
GW/06707,,,,,,Mar-38,,,,,,,,,,
GW/06901,,,,,,Mar-38,,,,,,,,,,
HT/05204,,,,,,Mar-38,,,,,,,,,,
GW/05072,,,,,,Apr-38,,,,,,,,,,
GW/06715,,,,,,Apr-38,,,,,,,,,,
GW/06834,,,,,,Apr-38,,,,,,,,,,
GW/06926,,,,,,Apr-38,,,,,,,,,,
GW/06865,,,,,,Apr-38,,,,,,,,,,
GW/06899,,,,,,Apr-38,,,,,,,,,,
GW/06798,,,,,,Apr-38,,,,,,,,,,
GW/06827,,,,,,Apr-38,,,,,,,,,,
GW/06854,,,,,,Apr-38,,,,,,,,,,
GW/06796,,,,,,Apr-38,,,,,,,,,,
BH/06143,,,,,,Apr-38,,,,,,,,,,
GW/06497,,,,,,Apr-38,,,,,,,,,,
GW/06904,,,,,,Apr-38,,,,,,,,,,
GW/06832,,,,,,Apr-38,,,,,,,,,,
GW/06457,,,,,,Apr-38,,,,,,,,,,
GW/06193,,,,,,Apr-38,,,,,,,,,,
GW/06791,,,,,,Apr-38,,,,,,,,,,
GW/06920,,,,,,Apr-38,,,,,,,,,,
GW/06849,,,,,,Apr-38,,,,,,,,,,
GW/06843,,,,,,May-38,,,,,,,,,,
GW/06895,,,,,,May-38,,,,,,,,,,
GW/04884,,,,,,May-38,,,,,,,,,,
GW/06618,,,,,,May-38,,,,,,,,,,
GW/06903,,,,,,May-38,,,,,,,,,,
GW/06809,,,,,,May-38,,,,,,,,,,
GW/06279,,,,,,May-38,,,,,,,,,,
GW/06839,,,,,,May-38,,,,,,,,,,
GW/04812,,,,,,May-38,,,,,,,,,,
GW/06864,,,,,,May-38,,,,,,,,,,
GW/06890,,,,,,May-38,,,,,,,,,,
GW/06245,,,,,,May-38,,,,,,,,,,
GW/05379,,,,,,Jun-38,,,,,,,,,,
GW/05420,,,,,,Jun-38,,,,,,,,,,
GW/05479,,,,,,Jun-38,,,,,,,,,,
GW/06878,,,,,,Jul-38,,,,,,,,,,
GW/06896,,,,,,Jul-38,,,,,,,,,,
GW/05640,,,,,,Jul-38,,,,,,,,,,
GW/06790,,,,,,Aug-38,,,,,,,,,,
GW/06734,,,,,,Oct-38,,,,,,,,,,
GW/06800,,,,,,Oct-38,,,,,,,,,,
CH/04604,,,,,,Nov-38,,,,,,,,,,
GW/05712,,,,,,Dec-38,,,,,,,,,,
GW/06362,,,,,,Feb-39,,,,,,,,,,
GL/00050/98,,,,,,Feb-39,,,,,,,,,,
,,,,,,,,,,,,,,,,
Not live bundle:,,,,,,,,,,,,,,,,
GW/01001,,,Awaiting return of security deposit,,,Aug-19,,,,,,,,,,
GW/02091,,,Awaiting return of security deposit,,,Jan-20,,,,,,,,,,
GW/00779,,,Awaiting return of security deposit,,,Mar-23,,,,,,,,,,
GW/01838,,,Awaiting return of security deposit,,,Nov-26,,,,,,,,,,
HC/08001,,,Awaiting return of security deposit,,,Nov-27,,,,,,,,,,
GW/04481,,,Awaiting return of security deposit,,,Feb-32,,,,,,,,,,
GW/04309,,,Awaiting return of security deposit,,,Sep-34,,,,,,,,,,
GW/06051,,,Awaiting return of security deposit,,,Feb-36,,,,,,,,,,
GW/06434,,,Awaiting return of security deposit,,,Oct-36,,,,,,,,,,
GW/06867,,,Awaiting return of security deposit,,,Nov-36,,,,,,,,,,
GW/06433,,,Awaiting return of security deposit,,,Mar-37,,,,,,,,,,
GW/05784,,,Awaiting return of security deposit,,,Mar-37,,,,,,,,,,
GW/06821,,,Awaiting return of security deposit,,,Oct-37,,,,,,,,,,
GW/04404,,,Awaiting return of security deposit,,,May-38,,,,,,,,,,
,,,,,,,,,,,,,,,,
,,,,,,,,,,,,,,,,
Live bundle:,,,,,,,,,,,,,,,,
GL/060/98,,,Awaiting return of security deposit,,,,,,,,,,,,,
GW/01220,,,Awaiting return of security deposit,,,Nov-19,,,,,,,,,,
GL/00079,,,Awaiting return of security deposit,,,Dec-19,,,,,,,,,,
GL/00062,,,Awaiting return of security deposit,,,Jan-20,,,,,,,,,,
GW/00460,,,Awaiting return of security deposit,,,Jan-20,,,,,,,,,,
GL/00264,,,Awaiting return of security deposit,,,Sep-20,,,,,,,,,,
GW/00132,,,Awaiting return of security deposit,,,Jan-21,,,,,,,,,,
GW/00369,,,Awaiting return of security deposit,,,Nov-21,,,,,,,,,,
GW/00437,,,Awaiting return of security deposit,,,Feb-22,,,,,,,,,,
GW/00516,,,Awaiting return of security deposit,,,May-22,,,,,,,,,,
GW/00502,,,Awaiting return of security deposit,,,May-22,,,,,,,,,,
GW/00461,,,Awaiting return of security deposit,,,Sep-22,,,,,,,,,,
GW/00694,,,Awaiting return of security deposit,,,Oct-22,,,,,,,,,,
GW/00995,,,Awaiting return of security deposit,,,Mar-24,,,,,,,,,,
GW/00981,,,Awaiting return of security deposit,,,Dec-24,,,,,,,,,,
GW/01286,,,Awaiting return of security deposit,,,Mar-25,,,,,,,,,,
GW01348,,,Awaiting return of security deposit,,,Jun-25,,,,,,,,,,
GW01349,,,Awaiting return of security deposit,,,Jun-25,,,,,,,,,,
GW01347,,,Awaiting return of security deposit,,,Jun-25,,,,,,,,,,
Unknown,,,Awaiting return of security deposit,,,Aug-28,Case number unknown. Name - Asif Al Ghazourri,,,,,,,,,
,,,,,,,,,,,,,,,,
,,,,,,,,,,,,,,,,
,,,,,,,,,,,,,,,,
,,,,,,,,,,,,,,,,
,,,,,,,,,,,,,,,,
,,,,,,,,,,,,,,,,
,,,,,,,,,,,,,,,,
,,,,,,,,,,,,,,,,
,,,,,,,,,,,,,,,,
,,,,,,,,,,,,,,,,
,,,,,,,,,,,,,,,,
,,,,,,,,,,,,,,,,
,,,,,,,,,,,,,,,,
,,,,,,,,,,,,,,,,
,,,,,,,,,,,,,,,,
,,,,,,,,,,,,,,,,
,,,,,,,,,,,,,,,,
,,,,,,,,,,,,,,,,
,,,,,,,,,,,,,,,,
,,,,,,,,,,,,,,,,
,,,,,,,,,,,,,,,,
,,,,,,,,,,,,,,,,
,,,,,,,,,,,,,,,,
,,,,,,,,,,,,,,,,
,,,,,,,,,,,,,,,,
,,,,,,,,,,,,,,,,
,,,,,,,,,,,,,,,,
,,,,,,,,,,,,,,,,
,,,,,,,,,,,,,,,,
,,,,,,,,,,,,,,,,
,,,,,,,,,,,,,,,,
,,,,,,,,,,,,,,,,
,,,,,,,,,,,,,,,,
,,,,,,,,,,,,,,,,
,,,,,,,,,,,,,,,,
,,,,,,,,,,,,,,,,
,,,,,,,,,,,,,,,,
,,,,,,,,,,,,,,,,
,,,,,,,,,,,,,,,,
,,,,,,,,,,,,,,,,
,,,,,,,,,,,,,,,,
,,,,,,,,,,,,,,,,
,,,,,,,,,,,,,,,,
,,,,,,,,,,,,,,,,
,,,,,,,,,,,,,,,,
,,,,,,,,,,,,,,,,
,,,,,,,,,,,,,,,,
,,,,,,,,,,,,,,,,
,,,,,,,,,,,,,,,,
,,,,,,,,,,,,,,,,
,,,,,,,,,,,,,,,,
,,,,,,,,,,,,,,,,
,,,,,,,,,,,,,,,,
,,,,,,,,,,,,,,,,
,,,,,,,,,,,,,,,,
,,,,,,,,,,,,,,,,
,,,,,,,,,,,,,,,,
,,,,,,,,,,,,,,,,
,,,,,,,,,,,,,,,,
,,,,,,,,,,,,,,,,
,,,,,,,,,,,,,,,,
,,,,,,,,,,,,,,,,
,,,,,,,,,,,,,,,,
,,,,,,,,,,,,,,,,
,,,,,,,,,,,,,,,,
,,,,,,,,,,,,,,,,
,,,,,,,,,,,,,,,,
,,,,,,,,,,,,,,,,
,,,,,,,,,,,,,,,,
,,,,,,,,,,,,,,,,
,,,,,,,,,,,,,,,,
,,,,,,,,,,,,,,,,
,6,,,,,,,,,,,,,,,